sort	sort_bool.spec.json	blake3-512:24ab0e7056f4e1dba12b6e0a19592f6adbebad55535ee644f408aa28361d095c64821c72d7ee284340245278c6d521df36a4e4b6e9ccaf07bbfa2348679a933b	/Users/tsavo/provekit-worktrees/pk-65/menagerie/ruby-language-signature/dev/../catalog/sorts/ruby:Bool.blake3-512:24ab0e7056f4e1dba12b6e0a19592f6adbebad55535ee644f408aa28361d095c64821c72d7ee284340245278c6d521df36a4e4b6e9ccaf07bbfa2348679a933b.json
sort	sort_listof_value.spec.json	blake3-512:4e741e5c227a5ea7f2a9ee7d5a1046130aaf48207a549b4ff839ff0225c3d57e040b7cfae9899bc513d2aa474653271d2f3f9ac51f0e5bc3ad0aecd689fda3cd	/Users/tsavo/provekit-worktrees/pk-65/menagerie/ruby-language-signature/dev/../catalog/sorts/ruby:ListOfValue.blake3-512:4e741e5c227a5ea7f2a9ee7d5a1046130aaf48207a549b4ff839ff0225c3d57e040b7cfae9899bc513d2aa474653271d2f3f9ac51f0e5bc3ad0aecd689fda3cd.json
sort	sort_stmt.spec.json	blake3-512:abcca693e14e2e9809ef3f6de1b8c8be9dba5fac462e5780547d5c127713e74738c249b749c34ed3d82807a6caacca77809eb135e110f8f126266a645e78b339	/Users/tsavo/provekit-worktrees/pk-65/menagerie/ruby-language-signature/dev/../catalog/sorts/ruby:Stmt.blake3-512:abcca693e14e2e9809ef3f6de1b8c8be9dba5fac462e5780547d5c127713e74738c249b749c34ed3d82807a6caacca77809eb135e110f8f126266a645e78b339.json
sort	sort_string.spec.json	blake3-512:23b76724937614c8f840c1bfd7b1012fbe0e2772e745d13edc4b8b791da86f43f7159b611c2532db2d86bbc0fa7aaa4da3c69eb5e49360e628f1b5b59f83ba05	/Users/tsavo/provekit-worktrees/pk-65/menagerie/ruby-language-signature/dev/../catalog/sorts/ruby:String.blake3-512:23b76724937614c8f840c1bfd7b1012fbe0e2772e745d13edc4b8b791da86f43f7159b611c2532db2d86bbc0fa7aaa4da3c69eb5e49360e628f1b5b59f83ba05.json
sort	sort_unit.spec.json	blake3-512:76a2f641af9f441977b20d4f5f62835f228459b3acf33dea690312dd18276fb1ff6db39ab71a2a322516269d0da5a52a4d350cfcff12ac908301b05f1ba24866	/Users/tsavo/provekit-worktrees/pk-65/menagerie/ruby-language-signature/dev/../catalog/sorts/ruby:Unit.blake3-512:76a2f641af9f441977b20d4f5f62835f228459b3acf33dea690312dd18276fb1ff6db39ab71a2a322516269d0da5a52a4d350cfcff12ac908301b05f1ba24866.json
sort	sort_value.spec.json	blake3-512:9e35b043f26d653b661693bfd8cd13c40ab6cc288f97a2e8bd5721cce74b68d8953c8825b38147fb3cb9820fd15db50f843f5e7c76521e1e470e97f731f38df9	/Users/tsavo/provekit-worktrees/pk-65/menagerie/ruby-language-signature/dev/../catalog/sorts/ruby:Value.blake3-512:9e35b043f26d653b661693bfd8cd13c40ab6cc288f97a2e8bd5721cce74b68d8953c8825b38147fb3cb9820fd15db50f843f5e7c76521e1e470e97f731f38df9.json
algorithm	op_add.spec.json	blake3-512:8ce1dbfd55d95f4ef519b6fcbe25faa7b2d696657a6f28b4f632e99181830f5fc4d41e396636807ae59d2feb2738dbea62639bdb00d7a10fe10aa823aefa4c6a	/Users/tsavo/provekit-worktrees/pk-65/menagerie/ruby-language-signature/dev/../catalog/algorithms/ruby:add.blake3-512:8ce1dbfd55d95f4ef519b6fcbe25faa7b2d696657a6f28b4f632e99181830f5fc4d41e396636807ae59d2feb2738dbea62639bdb00d7a10fe10aa823aefa4c6a.json
algorithm	op_and.spec.json	blake3-512:0aefb8cce38534bcbcb53ab36ebd78563ccb755ec073201a49549df83287305f1dc244899b919843bc3f3a81c8792f09811ada754e098699215967685b6d2cdc	/Users/tsavo/provekit-worktrees/pk-65/menagerie/ruby-language-signature/dev/../catalog/algorithms/ruby:and.blake3-512:0aefb8cce38534bcbcb53ab36ebd78563ccb755ec073201a49549df83287305f1dc244899b919843bc3f3a81c8792f09811ada754e098699215967685b6d2cdc.json
algorithm	op_assign.spec.json	blake3-512:7e574a95a573bac91d40130d7f1747c11b9d1558bbc9a8efdfa815501df7e5a475996c1d09553c95387a0f92beec44cf7ebff8c22f7aae4dbbb06ab99b345d65	/Users/tsavo/provekit-worktrees/pk-65/menagerie/ruby-language-signature/dev/../catalog/algorithms/ruby:assign.blake3-512:7e574a95a573bac91d40130d7f1747c11b9d1558bbc9a8efdfa815501df7e5a475996c1d09553c95387a0f92beec44cf7ebff8c22f7aae4dbbb06ab99b345d65.json
algorithm	op_bitand.spec.json	blake3-512:bb55606454667a70637dbc0495589db8fde1ac62639eeea990aa486f542d51e5191b41d4d9826a1ff2061b1d79069f534bc3d2c223e56b718486f05367368e0b	/Users/tsavo/provekit-worktrees/pk-65/menagerie/ruby-language-signature/dev/../catalog/algorithms/ruby:bitand.blake3-512:bb55606454667a70637dbc0495589db8fde1ac62639eeea990aa486f542d51e5191b41d4d9826a1ff2061b1d79069f534bc3d2c223e56b718486f05367368e0b.json
algorithm	op_bitnot.spec.json	blake3-512:901b687c24b041a9d35cd0dd5058065b69850e13f4693284b49f817adf6970cb6852b404132036075525bf7353c7d9bcbcda6e4bb951348614c0584e74beea1b	/Users/tsavo/provekit-worktrees/pk-65/menagerie/ruby-language-signature/dev/../catalog/algorithms/ruby:bitnot.blake3-512:901b687c24b041a9d35cd0dd5058065b69850e13f4693284b49f817adf6970cb6852b404132036075525bf7353c7d9bcbcda6e4bb951348614c0584e74beea1b.json
algorithm	op_bitor.spec.json	blake3-512:403d5fdf71f32174686f1fa292f1b4eadf5b6d66614af1d010cf950c5d57359ef3755a5cdc2c2751dbcea6b9292d40045371dca6f48da7d35a8d6ea348eef67e	/Users/tsavo/provekit-worktrees/pk-65/menagerie/ruby-language-signature/dev/../catalog/algorithms/ruby:bitor.blake3-512:403d5fdf71f32174686f1fa292f1b4eadf5b6d66614af1d010cf950c5d57359ef3755a5cdc2c2751dbcea6b9292d40045371dca6f48da7d35a8d6ea348eef67e.json
algorithm	op_bitxor.spec.json	blake3-512:9e8f95fcbf6818e00dbd2ce392800e9973024d4e216a2e80b6ad2ea5b0baeaf3fdb4eb0b9b00f5aaff9b8eea0bb4c4718eca1e90c8a5a942ce1844b127a67b3a	/Users/tsavo/provekit-worktrees/pk-65/menagerie/ruby-language-signature/dev/../catalog/algorithms/ruby:bitxor.blake3-512:9e8f95fcbf6818e00dbd2ce392800e9973024d4e216a2e80b6ad2ea5b0baeaf3fdb4eb0b9b00f5aaff9b8eea0bb4c4718eca1e90c8a5a942ce1844b127a67b3a.json
algorithm	op_call.spec.json	blake3-512:b79e37706e03f4655a7976098b32657ce8028be1bd2b2e83a7bc3a5e14c40d586380865f968c4a61036e29810e6ae3845b5faabcb64af6d7596e85aa38d37352	/Users/tsavo/provekit-worktrees/pk-65/menagerie/ruby-language-signature/dev/../catalog/algorithms/ruby:call.blake3-512:b79e37706e03f4655a7976098b32657ce8028be1bd2b2e83a7bc3a5e14c40d586380865f968c4a61036e29810e6ae3845b5faabcb64af6d7596e85aa38d37352.json
algorithm	op_const.spec.json	blake3-512:a7e757a20680be21abca55b5a000c23446e2bb7e62f59e2d9fcbe6c2b6548d8ea46d629ebba9c82b85678e7b94dc617bca6150a5787c59f7fd2caf56dbda6abf	/Users/tsavo/provekit-worktrees/pk-65/menagerie/ruby-language-signature/dev/../catalog/algorithms/ruby:const.blake3-512:a7e757a20680be21abca55b5a000c23446e2bb7e62f59e2d9fcbe6c2b6548d8ea46d629ebba9c82b85678e7b94dc617bca6150a5787c59f7fd2caf56dbda6abf.json
algorithm	op_cvar.spec.json	blake3-512:52713fb747f44036a2717a67824353ff317df99ad54e89494a56936ea9a1504188725921d108b94f5671c2f404efcf4a785062de9c3216fc329bfdf4742a015e	/Users/tsavo/provekit-worktrees/pk-65/menagerie/ruby-language-signature/dev/../catalog/algorithms/ruby:cvar.blake3-512:52713fb747f44036a2717a67824353ff317df99ad54e89494a56936ea9a1504188725921d108b94f5671c2f404efcf4a785062de9c3216fc329bfdf4742a015e.json
algorithm	op_div.spec.json	blake3-512:9ff248a4baec02fb71a9246ba80931974228e8f5a74cb731bf5ee2a7602108a6fe63edfa5360dbf15bc5ec4f8f08046dafa1eeca1c7f8cd1dd830d9561f09644	/Users/tsavo/provekit-worktrees/pk-65/menagerie/ruby-language-signature/dev/../catalog/algorithms/ruby:div.blake3-512:9ff248a4baec02fb71a9246ba80931974228e8f5a74cb731bf5ee2a7602108a6fe63edfa5360dbf15bc5ec4f8f08046dafa1eeca1c7f8cd1dd830d9561f09644.json
algorithm	op_eq.spec.json	blake3-512:99e4d0948a9fbed462e053800bda084fd1762e568b4b264351fee8387ddad91124eae5785fdd9100ce50670ce98af3c1e596429ba71d7cb8578657b5f5e6ad88	/Users/tsavo/provekit-worktrees/pk-65/menagerie/ruby-language-signature/dev/../catalog/algorithms/ruby:eq.blake3-512:99e4d0948a9fbed462e053800bda084fd1762e568b4b264351fee8387ddad91124eae5785fdd9100ce50670ce98af3c1e596429ba71d7cb8578657b5f5e6ad88.json
algorithm	op_expr.spec.json	blake3-512:f779c5d9d28347a75d607ede8ff64efacc0d0fc4a7e2f0b7a39c1ac1f27d46cd368ab19b3a944cdd19f64aef428fae4897ce5013c775310e0d3d9ea6eaea2e8c	/Users/tsavo/provekit-worktrees/pk-65/menagerie/ruby-language-signature/dev/../catalog/algorithms/ruby:expr.blake3-512:f779c5d9d28347a75d607ede8ff64efacc0d0fc4a7e2f0b7a39c1ac1f27d46cd368ab19b3a944cdd19f64aef428fae4897ce5013c775310e0d3d9ea6eaea2e8c.json
algorithm	op_for.spec.json	blake3-512:89d17b0c38e6a87438e7262812f45af2fc18164f1ef3d7ed1796e8e3e8bb8b60fe4801e7931d30676a3a86c34db24135cd8020e91d2beb59463897fdfe463696	/Users/tsavo/provekit-worktrees/pk-65/menagerie/ruby-language-signature/dev/../catalog/algorithms/ruby:for.blake3-512:89d17b0c38e6a87438e7262812f45af2fc18164f1ef3d7ed1796e8e3e8bb8b60fe4801e7931d30676a3a86c34db24135cd8020e91d2beb59463897fdfe463696.json
algorithm	op_ge.spec.json	blake3-512:4477a6dc2c529b42dc5f25b53117f7dd3003ceb3dbb51b8a4687c3767f3fea48cba8939b8f25502112334c29006d75e79402ea94240fd142f4eb47d055be556e	/Users/tsavo/provekit-worktrees/pk-65/menagerie/ruby-language-signature/dev/../catalog/algorithms/ruby:ge.blake3-512:4477a6dc2c529b42dc5f25b53117f7dd3003ceb3dbb51b8a4687c3767f3fea48cba8939b8f25502112334c29006d75e79402ea94240fd142f4eb47d055be556e.json
algorithm	op_gt.spec.json	blake3-512:2bd638f9dbe32e2d19ab2ccd1f31f642943e45264241921381e9861e9db56c5942fa7dcacdb40b63963f18a41d8ff7eb3f795baa9b5b44d39966a9b47f452dbf	/Users/tsavo/provekit-worktrees/pk-65/menagerie/ruby-language-signature/dev/../catalog/algorithms/ruby:gt.blake3-512:2bd638f9dbe32e2d19ab2ccd1f31f642943e45264241921381e9861e9db56c5942fa7dcacdb40b63963f18a41d8ff7eb3f795baa9b5b44d39966a9b47f452dbf.json
algorithm	op_gvar.spec.json	blake3-512:850194884e415b5cfd0c2f9fc73b0086e20da3108aa92f63411d414ab789c1c2f1dab0d5c1dd9f4608042d78b1966153872f580c9295da942975239ddef6bac0	/Users/tsavo/provekit-worktrees/pk-65/menagerie/ruby-language-signature/dev/../catalog/algorithms/ruby:gvar.blake3-512:850194884e415b5cfd0c2f9fc73b0086e20da3108aa92f63411d414ab789c1c2f1dab0d5c1dd9f4608042d78b1966153872f580c9295da942975239ddef6bac0.json
algorithm	op_if.spec.json	blake3-512:a84a8019a00c5ce72eba23c18a3356e717dae3b3d2e1ecf45d60d08c952f87e49fb4ee775824ae9e191a504ced14e2c525e6edf0b153997dd9ba89d931119b3b	/Users/tsavo/provekit-worktrees/pk-65/menagerie/ruby-language-signature/dev/../catalog/algorithms/ruby:if.blake3-512:a84a8019a00c5ce72eba23c18a3356e717dae3b3d2e1ecf45d60d08c952f87e49fb4ee775824ae9e191a504ced14e2c525e6edf0b153997dd9ba89d931119b3b.json
algorithm	op_index.spec.json	blake3-512:6253b8376ed23fa32474d4710084f6cdd79175806d5c58c825367ed1545c75427275955e5675646d4707b7cde3ea7650d570fd3d0f0955946151f2034af5978a	/Users/tsavo/provekit-worktrees/pk-65/menagerie/ruby-language-signature/dev/../catalog/algorithms/ruby:index.blake3-512:6253b8376ed23fa32474d4710084f6cdd79175806d5c58c825367ed1545c75427275955e5675646d4707b7cde3ea7650d570fd3d0f0955946151f2034af5978a.json
algorithm	op_ivar.spec.json	blake3-512:25e40d48ab82995150eaf1f885a6478a2a881efea1e2a719c9d738913eb4dd16eb51221f657d1c24c29b2078bd15b9adc995901df1cc0f51f3787040818b9258	/Users/tsavo/provekit-worktrees/pk-65/menagerie/ruby-language-signature/dev/../catalog/algorithms/ruby:ivar.blake3-512:25e40d48ab82995150eaf1f885a6478a2a881efea1e2a719c9d738913eb4dd16eb51221f657d1c24c29b2078bd15b9adc995901df1cc0f51f3787040818b9258.json
algorithm	op_le.spec.json	blake3-512:f025a1258c5ed5f726d7161d0b5d26b02aa0642b528ddc0b81d122bba62d62d31fbd006c59ccf18d1f772eeac90ba790ac2c317d0039fb87a024b25bfb0ae457	/Users/tsavo/provekit-worktrees/pk-65/menagerie/ruby-language-signature/dev/../catalog/algorithms/ruby:le.blake3-512:f025a1258c5ed5f726d7161d0b5d26b02aa0642b528ddc0b81d122bba62d62d31fbd006c59ccf18d1f772eeac90ba790ac2c317d0039fb87a024b25bfb0ae457.json
algorithm	op_lt.spec.json	blake3-512:874f2598468dc0431d397d875deb8ac7d8776280b66f26f50209e1d92758a3b5f49b8c65a110959e3f9a1f5eeb966acc9bc43aa0294e1f4041caa4f2fd24287a	/Users/tsavo/provekit-worktrees/pk-65/menagerie/ruby-language-signature/dev/../catalog/algorithms/ruby:lt.blake3-512:874f2598468dc0431d397d875deb8ac7d8776280b66f26f50209e1d92758a3b5f49b8c65a110959e3f9a1f5eeb966acc9bc43aa0294e1f4041caa4f2fd24287a.json
algorithm	op_mod.spec.json	blake3-512:0e3060ad9c26ab7fcf42a21aac1e85c2dfbaaa94771c05245c5aaf1d0b8540b79c45238cd137802fb6f25c5dee2ac508f8b95554c9b8d70ee55dbeecd2d994c6	/Users/tsavo/provekit-worktrees/pk-65/menagerie/ruby-language-signature/dev/../catalog/algorithms/ruby:mod.blake3-512:0e3060ad9c26ab7fcf42a21aac1e85c2dfbaaa94771c05245c5aaf1d0b8540b79c45238cd137802fb6f25c5dee2ac508f8b95554c9b8d70ee55dbeecd2d994c6.json
algorithm	op_mul.spec.json	blake3-512:48fa7f1fe9a51e572c54789720a6caa01844eaa786136463ee7606ed7be0923ec354849051080fb04fd1630d68b05bde7aec7675484218a666672c13f9ca16f0	/Users/tsavo/provekit-worktrees/pk-65/menagerie/ruby-language-signature/dev/../catalog/algorithms/ruby:mul.blake3-512:48fa7f1fe9a51e572c54789720a6caa01844eaa786136463ee7606ed7be0923ec354849051080fb04fd1630d68b05bde7aec7675484218a666672c13f9ca16f0.json
algorithm	op_ne.spec.json	blake3-512:9bbe50ae0c72c8558e0ca6dd2a01f0417dd85d79f01ef9effcd7056a8e339cc2e81d4d778c3781150e057cb7a8d60ac1f1e52957d2436f88d1db03ae4a845e0f	/Users/tsavo/provekit-worktrees/pk-65/menagerie/ruby-language-signature/dev/../catalog/algorithms/ruby:ne.blake3-512:9bbe50ae0c72c8558e0ca6dd2a01f0417dd85d79f01ef9effcd7056a8e339cc2e81d4d778c3781150e057cb7a8d60ac1f1e52957d2436f88d1db03ae4a845e0f.json
algorithm	op_neg.spec.json	blake3-512:3ce61d2b98776301c46a7f3d4a814d0915f781bd60e5d85c0e73d1d19f8b90a0741ce6dfeda1c2ed9d07924d21470466bd3a6084552a684a6b636f065122fed4	/Users/tsavo/provekit-worktrees/pk-65/menagerie/ruby-language-signature/dev/../catalog/algorithms/ruby:neg.blake3-512:3ce61d2b98776301c46a7f3d4a814d0915f781bd60e5d85c0e73d1d19f8b90a0741ce6dfeda1c2ed9d07924d21470466bd3a6084552a684a6b636f065122fed4.json
algorithm	op_not.spec.json	blake3-512:b8edcd8612530cdecf687a9574026e3c020cbab127481fd041711a9defe53e35de25ab6af33aeb6829868f0f5ab1cce2ab8e563458de51673a85a18ecbc89815	/Users/tsavo/provekit-worktrees/pk-65/menagerie/ruby-language-signature/dev/../catalog/algorithms/ruby:not.blake3-512:b8edcd8612530cdecf687a9574026e3c020cbab127481fd041711a9defe53e35de25ab6af33aeb6829868f0f5ab1cce2ab8e563458de51673a85a18ecbc89815.json
algorithm	op_or.spec.json	blake3-512:7a6bab7aa77763f12cb2dbe225f05e1b4e2c1e59d7a4210f77fdfcedc460bf1a8f456a284185464b56c4355534f5cd1724b472466c37f072eb34e480320f035d	/Users/tsavo/provekit-worktrees/pk-65/menagerie/ruby-language-signature/dev/../catalog/algorithms/ruby:or.blake3-512:7a6bab7aa77763f12cb2dbe225f05e1b4e2c1e59d7a4210f77fdfcedc460bf1a8f456a284185464b56c4355534f5cd1724b472466c37f072eb34e480320f035d.json
algorithm	op_pos.spec.json	blake3-512:58f2464b40e8a8e31105fe5213d417a80ff02145d3a0323f7312f6f18c0ff778998727f3e33cb96f797175102f372ac442da9a7cf2904cb5f35db03347158441	/Users/tsavo/provekit-worktrees/pk-65/menagerie/ruby-language-signature/dev/../catalog/algorithms/ruby:pos.blake3-512:58f2464b40e8a8e31105fe5213d417a80ff02145d3a0323f7312f6f18c0ff778998727f3e33cb96f797175102f372ac442da9a7cf2904cb5f35db03347158441.json
algorithm	op_pow.spec.json	blake3-512:1379743248e16989584763b014f5794dd7b5d1390bab75437cbc7aa04157e9638da629e10cc7ef5ba20be20cadae4fce003006f24949a993679c15dbd31dd801	/Users/tsavo/provekit-worktrees/pk-65/menagerie/ruby-language-signature/dev/../catalog/algorithms/ruby:pow.blake3-512:1379743248e16989584763b014f5794dd7b5d1390bab75437cbc7aa04157e9638da629e10cc7ef5ba20be20cadae4fce003006f24949a993679c15dbd31dd801.json
algorithm	op_raise.spec.json	blake3-512:861c7884e5e07cd1d2370ccd9da0e6a6bcb65c33bbd7232613f2382a0c25ff4772a20ea7e5375e9228cbcc6fdb7d7801d4f5c241c243af67c6f64c4c50000eb4	/Users/tsavo/provekit-worktrees/pk-65/menagerie/ruby-language-signature/dev/../catalog/algorithms/ruby:raise.blake3-512:861c7884e5e07cd1d2370ccd9da0e6a6bcb65c33bbd7232613f2382a0c25ff4772a20ea7e5375e9228cbcc6fdb7d7801d4f5c241c243af67c6f64c4c50000eb4.json
algorithm	op_return.spec.json	blake3-512:7d02a2b5bad98d1e2ab56fbd5a7ec8849e2922cd3507e0ae365e9dc95d50cceb6ac7545ccd467d1cb9a428b495d5f7283a7f16f58c5100ed71816d4f38df886e	/Users/tsavo/provekit-worktrees/pk-65/menagerie/ruby-language-signature/dev/../catalog/algorithms/ruby:return.blake3-512:7d02a2b5bad98d1e2ab56fbd5a7ec8849e2922cd3507e0ae365e9dc95d50cceb6ac7545ccd467d1cb9a428b495d5f7283a7f16f58c5100ed71816d4f38df886e.json
algorithm	op_send.spec.json	blake3-512:33521bcb114ee548413c9feb50eb9d8df6c42f9fd575f22d1c90b0d17aa24cb8079f05acc85f120c76cb6c3ec571ea20cf89b54c1f505c4285b4b10c0deaba76	/Users/tsavo/provekit-worktrees/pk-65/menagerie/ruby-language-signature/dev/../catalog/algorithms/ruby:send.blake3-512:33521bcb114ee548413c9feb50eb9d8df6c42f9fd575f22d1c90b0d17aa24cb8079f05acc85f120c76cb6c3ec571ea20cf89b54c1f505c4285b4b10c0deaba76.json
algorithm	op_seq.spec.json	blake3-512:76ed8d07e09533edb865a2ad389512913cb7813d96cae1814066348908f0aa48ec3e91a2f21a6d5adf74f2b0030dda36d6ac243ac4a8239a56d741374f3e2e01	/Users/tsavo/provekit-worktrees/pk-65/menagerie/ruby-language-signature/dev/../catalog/algorithms/ruby:seq.blake3-512:76ed8d07e09533edb865a2ad389512913cb7813d96cae1814066348908f0aa48ec3e91a2f21a6d5adf74f2b0030dda36d6ac243ac4a8239a56d741374f3e2e01.json
algorithm	op_shl.spec.json	blake3-512:b833e7251323d6b7f3122c4bf85cb0ce3dbc7287b74d407395b6d9df260df15ea3171889633c709fcc6b8a7c7c13b1e8a92b506c752d58114651cafb4f685c80	/Users/tsavo/provekit-worktrees/pk-65/menagerie/ruby-language-signature/dev/../catalog/algorithms/ruby:shl.blake3-512:b833e7251323d6b7f3122c4bf85cb0ce3dbc7287b74d407395b6d9df260df15ea3171889633c709fcc6b8a7c7c13b1e8a92b506c752d58114651cafb4f685c80.json
algorithm	op_shr.spec.json	blake3-512:1daf07eb50ed2dca828afc5703d39c947398844271a6720f44ac8bee55c3aad587a71d9f95e4d9906ca4f01ae1b052a759ebad6f14c9add3a195c323d4954bfa	/Users/tsavo/provekit-worktrees/pk-65/menagerie/ruby-language-signature/dev/../catalog/algorithms/ruby:shr.blake3-512:1daf07eb50ed2dca828afc5703d39c947398844271a6720f44ac8bee55c3aad587a71d9f95e4d9906ca4f01ae1b052a759ebad6f14c9add3a195c323d4954bfa.json
algorithm	op_source-unit.spec.json	blake3-512:e45c006b526976bf657b49be4c85edd3012749b5950b80bcd33909aa4cb44e9d44f68096673c1709ace6af330fa86f6b78f10119a3611162d413c7675bfecaba	/Users/tsavo/provekit-worktrees/pk-65/menagerie/ruby-language-signature/dev/../catalog/algorithms/ruby:source-unit.blake3-512:e45c006b526976bf657b49be4c85edd3012749b5950b80bcd33909aa4cb44e9d44f68096673c1709ace6af330fa86f6b78f10119a3611162d413c7675bfecaba.json
algorithm	op_sub.spec.json	blake3-512:742ada0f0e692e1f59d06e33fb9fd6272bcafc82698061b5e815fd164f327ffc9a23c4a3bdf7996ad37d2bda58cdcab4ba3ec2a758e4e7aaac24933781964d2d	/Users/tsavo/provekit-worktrees/pk-65/menagerie/ruby-language-signature/dev/../catalog/algorithms/ruby:sub.blake3-512:742ada0f0e692e1f59d06e33fb9fd6272bcafc82698061b5e815fd164f327ffc9a23c4a3bdf7996ad37d2bda58cdcab4ba3ec2a758e4e7aaac24933781964d2d.json
algorithm	op_ternary.spec.json	blake3-512:971865aa28cb5cf56101b38d833829124df1c8f37da5d643b2f9e5a7cb7377dcc73457c59e2cc57cda48f8308145cb73e4be5c85b479561151f6ed6541f107fc	/Users/tsavo/provekit-worktrees/pk-65/menagerie/ruby-language-signature/dev/../catalog/algorithms/ruby:ternary.blake3-512:971865aa28cb5cf56101b38d833829124df1c8f37da5d643b2f9e5a7cb7377dcc73457c59e2cc57cda48f8308145cb73e4be5c85b479561151f6ed6541f107fc.json
algorithm	op_until.spec.json	blake3-512:bfbce3fcfec4813a4d91210cb10f4f2c0fc00a0c1279131cc9f961867840526df6e634b6dbeb74d2ecde79ca8a040b6285c885395fe7741145b2525e3d72ff96	/Users/tsavo/provekit-worktrees/pk-65/menagerie/ruby-language-signature/dev/../catalog/algorithms/ruby:until.blake3-512:bfbce3fcfec4813a4d91210cb10f4f2c0fc00a0c1279131cc9f961867840526df6e634b6dbeb74d2ecde79ca8a040b6285c885395fe7741145b2525e3d72ff96.json
algorithm	op_while.spec.json	blake3-512:d094ebafdb8ede6aabbf1a9dc8e084fbd00622c683549e9a519d85aad6dbe1ffde0be3f2e7bd22c2c52deca9b12dac958d2a97ff8aa7bbeb13a7cab9c018bd4b	/Users/tsavo/provekit-worktrees/pk-65/menagerie/ruby-language-signature/dev/../catalog/algorithms/ruby:while.blake3-512:d094ebafdb8ede6aabbf1a9dc8e084fbd00622c683549e9a519d85aad6dbe1ffde0be3f2e7bd22c2c52deca9b12dac958d2a97ff8aa7bbeb13a7cab9c018bd4b.json
algorithm	eff_io.spec.json	blake3-512:07847711a04e803ed748e601ca8be8ab295d53dc19d9b6f0260c040bf2da2ebf8497a35d163fb72de432701fcba7f324b5d79c85a38205dbc030e5f04f95e853	/Users/tsavo/provekit-worktrees/pk-65/menagerie/ruby-language-signature/dev/../catalog/algorithms/ruby:effect:io.blake3-512:07847711a04e803ed748e601ca8be8ab295d53dc19d9b6f0260c040bf2da2ebf8497a35d163fb72de432701fcba7f324b5d79c85a38205dbc030e5f04f95e853.json
algorithm	eff_opaque_loop.spec.json	blake3-512:070fbd93a9a1ac6659d72909ff29899ba844a8db1156a293b76e87fb9697896cf7608a752528a30f34aca7ab106b7f712ba3e688908bc92ab3500d9590fd7bc8	/Users/tsavo/provekit-worktrees/pk-65/menagerie/ruby-language-signature/dev/../catalog/algorithms/ruby:effect:opaque_loop.blake3-512:070fbd93a9a1ac6659d72909ff29899ba844a8db1156a293b76e87fb9697896cf7608a752528a30f34aca7ab106b7f712ba3e688908bc92ab3500d9590fd7bc8.json
algorithm	eff_panics.spec.json	blake3-512:b9dca3b8f0742dda923e1bd7a105f2db09dd8f43ee022bf7dfac0d7eec6054ab0b3169bafe1c45a20e0c0f23c717c23282346db87dab0725518f82f3feb99404	/Users/tsavo/provekit-worktrees/pk-65/menagerie/ruby-language-signature/dev/../catalog/algorithms/ruby:effect:panics.blake3-512:b9dca3b8f0742dda923e1bd7a105f2db09dd8f43ee022bf7dfac0d7eec6054ab0b3169bafe1c45a20e0c0f23c717c23282346db87dab0725518f82f3feb99404.json
algorithm	eff_reads.spec.json	blake3-512:d89d2bbffbbbdbdc62df892029d388036adaaaf40aa04168d7ff683e68f29e0d9a4d144af19e5d6f4f04a0a07a5cde283ff769ad36a5980a696dd0eb9c57c21a	/Users/tsavo/provekit-worktrees/pk-65/menagerie/ruby-language-signature/dev/../catalog/algorithms/ruby:effect:reads.blake3-512:d89d2bbffbbbdbdc62df892029d388036adaaaf40aa04168d7ff683e68f29e0d9a4d144af19e5d6f4f04a0a07a5cde283ff769ad36a5980a696dd0eb9c57c21a.json
algorithm	eff_unresolved_call.spec.json	blake3-512:dd6c0440d3f7c053a2b3e4359b05cf2280f72815a4ff07b983f7b88b60147471d4dd8a2c23ed82cd20c73ae20fd3ec70708fc85e522eeafe6d1257f2773e305c	/Users/tsavo/provekit-worktrees/pk-65/menagerie/ruby-language-signature/dev/../catalog/algorithms/ruby:effect:unresolved_call.blake3-512:dd6c0440d3f7c053a2b3e4359b05cf2280f72815a4ff07b983f7b88b60147471d4dd8a2c23ed82cd20c73ae20fd3ec70708fc85e522eeafe6d1257f2773e305c.json
algorithm	eff_writes.spec.json	blake3-512:ec03b2b45418e890541f349ba1f56ac2aaf2b64e82c257d607ffe4f251baf7718d6872d3b9f1588199a8ea24393ff5d190b1dbd2046908d70e30e59b29404b00	/Users/tsavo/provekit-worktrees/pk-65/menagerie/ruby-language-signature/dev/../catalog/algorithms/ruby:effect:writes.blake3-512:ec03b2b45418e890541f349ba1f56ac2aaf2b64e82c257d607ffe4f251baf7718d6872d3b9f1588199a8ea24393ff5d190b1dbd2046908d70e30e59b29404b00.json
equation	eq_and_to_ite_desugar.spec.json	blake3-512:15ce3577a1e5a4b75b3b22b3801a2fb9fe1ae9467e0c9a41c2d781a774caa56915f1df10679f7573fba24d929d1c757cc5f2293a3e0f1a4b8c02695400a9694b	/Users/tsavo/provekit-worktrees/pk-65/menagerie/ruby-language-signature/dev/../catalog/equations/ruby:and-to-ite-desugar.blake3-512:15ce3577a1e5a4b75b3b22b3801a2fb9fe1ae9467e0c9a41c2d781a774caa56915f1df10679f7573fba24d929d1c757cc5f2293a3e0f1a4b8c02695400a9694b.json
equation	eq_or_to_ite_desugar.spec.json	blake3-512:369845533b7fe7d2c12a68198954b6092255997cca64307e7f0d8166b963df7e5d1dadeb43f64e1c0168809aff764b2531fec6fef299518b72fc2ad2b9db26d0	/Users/tsavo/provekit-worktrees/pk-65/menagerie/ruby-language-signature/dev/../catalog/equations/ruby:or-to-ite-desugar.blake3-512:369845533b7fe7d2c12a68198954b6092255997cca64307e7f0d8166b963df7e5d1dadeb43f64e1c0168809aff764b2531fec6fef299518b72fc2ad2b9db26d0.json
effect-signature	effsig_io.spec.json	blake3-512:94fcab47abeef5f775e305bf0c3a8da2933a0e640dd076de7a01e47e3d455f12e7ac8d088e294c7a70b82a31ba5ad22faf26c3e77e4ec609b82f19d09d4a7c15	/Users/tsavo/provekit-worktrees/pk-65/menagerie/ruby-language-signature/dev/../catalog/signatures/ruby:effect-signature:IO.blake3-512:94fcab47abeef5f775e305bf0c3a8da2933a0e640dd076de7a01e47e3d455f12e7ac8d088e294c7a70b82a31ba5ad22faf26c3e77e4ec609b82f19d09d4a7c15.json
effect-signature	effsig_opaque_loop.spec.json	blake3-512:2cd1bcd59ad152cd4a55f65b6e586cd4eaa16ff6f3abf96022b5cfc3c8770e12ca1e15210ebdb5374cdd986e91b02a6dc29cf6b0f71eaaaf6d6213f4f18497b7	/Users/tsavo/provekit-worktrees/pk-65/menagerie/ruby-language-signature/dev/../catalog/signatures/ruby:effect-signature:OpaqueLoop.blake3-512:2cd1bcd59ad152cd4a55f65b6e586cd4eaa16ff6f3abf96022b5cfc3c8770e12ca1e15210ebdb5374cdd986e91b02a6dc29cf6b0f71eaaaf6d6213f4f18497b7.json
effect-signature	effsig_panics.spec.json	blake3-512:6bc0c16067b09fd13e219db9530ed71aa0ac63b02aef18244763482da244cd157c2a78e7eb2f5bc147fecf0d134fcee3efd232f22d3fc7a60dd5cc8e5bb46c8e	/Users/tsavo/provekit-worktrees/pk-65/menagerie/ruby-language-signature/dev/../catalog/signatures/ruby:effect-signature:Panics.blake3-512:6bc0c16067b09fd13e219db9530ed71aa0ac63b02aef18244763482da244cd157c2a78e7eb2f5bc147fecf0d134fcee3efd232f22d3fc7a60dd5cc8e5bb46c8e.json
effect-signature	effsig_reads.spec.json	blake3-512:f04f620164f96389430d69fa92f443b44e86ce8f564fb7f9b7bce58604c7c920859eeb9bf0e4439b8014aca0a202e3957ded2f8d8b5b195d957a39d24479f329	/Users/tsavo/provekit-worktrees/pk-65/menagerie/ruby-language-signature/dev/../catalog/signatures/ruby:effect-signature:Reads.blake3-512:f04f620164f96389430d69fa92f443b44e86ce8f564fb7f9b7bce58604c7c920859eeb9bf0e4439b8014aca0a202e3957ded2f8d8b5b195d957a39d24479f329.json
effect-signature	effsig_unresolved_call.spec.json	blake3-512:a1a6d13ec0e11e026bc1eac423f6dd08aa82c05fc2d0ccfefb184f35c87bafe923b7e006a330491b5e5f8f4291ad3a49e70795f9a5a3a5f5362a49d8cac96948	/Users/tsavo/provekit-worktrees/pk-65/menagerie/ruby-language-signature/dev/../catalog/signatures/ruby:effect-signature:UnresolvedCall.blake3-512:a1a6d13ec0e11e026bc1eac423f6dd08aa82c05fc2d0ccfefb184f35c87bafe923b7e006a330491b5e5f8f4291ad3a49e70795f9a5a3a5f5362a49d8cac96948.json
effect-signature	effsig_writes.spec.json	blake3-512:f46b770b2dbcac1d7bff8e1b98bdf8f5d631c20a29db28f3613abbe226e2bb8ad186adbd36d243aa6bc4e03032f48c93ac737ae69ba923e700f5af753d5063b7	/Users/tsavo/provekit-worktrees/pk-65/menagerie/ruby-language-signature/dev/../catalog/signatures/ruby:effect-signature:Writes.blake3-512:f46b770b2dbcac1d7bff8e1b98bdf8f5d631c20a29db28f3613abbe226e2bb8ad186adbd36d243aa6bc4e03032f48c93ac737ae69ba923e700f5af753d5063b7.json
language-signature	language_signature_ruby.spec.json	blake3-512:c533d7b3d4cafeb50ece583d706ef224496e8e54246600b1ac134bf36e46deb7274de4680a7fd39cc93e41ca658a73445f68d6480acd02880c2083e959d58284	/Users/tsavo/provekit-worktrees/pk-65/menagerie/ruby-language-signature/dev/../catalog/signatures/ruby.blake3-512:c533d7b3d4cafeb50ece583d706ef224496e8e54246600b1ac134bf36e46deb7274de4680a7fd39cc93e41ca658a73445f68d6480acd02880c2083e959d58284.json
