sort	sort_bool.spec.json	blake3-512:7d626b123f1a972ab3552088a6ece5b577c4c1c6b3faa3725e173b5cad668d07c56aaf3f9a315eceb213aa87326efa337595821408466fb3639ed24a9b4788b5	/Users/tsavo/provekit-worktrees/pk-transport-cli/menagerie/php-language-signature/dev/../catalog/sorts/php:Bool.blake3-512:7d626b123f1a972ab3552088a6ece5b577c4c1c6b3faa3725e173b5cad668d07c56aaf3f9a315eceb213aa87326efa337595821408466fb3639ed24a9b4788b5.json
sort	sort_int.spec.json	blake3-512:dcd9f04921f02983d16212d520dcf0cc31413dcb341558b8870b2eb099f141d1d40a2b134cebb17c3ae351acf06c9654afa0c75fc15ba8c09df5fddb0a4e99ef	/Users/tsavo/provekit-worktrees/pk-transport-cli/menagerie/php-language-signature/dev/../catalog/sorts/php:Int.blake3-512:dcd9f04921f02983d16212d520dcf0cc31413dcb341558b8870b2eb099f141d1d40a2b134cebb17c3ae351acf06c9654afa0c75fc15ba8c09df5fddb0a4e99ef.json
sort	sort_real.spec.json	blake3-512:3e46819b946be6efa38d44d53a9b6af8f59ecbbe340fbc1442fde6b64c102f0d8d75147e0b27ee71b68abcc4392d42e8aa470387270d9bec2a81ce7a4fc9cc57	/Users/tsavo/provekit-worktrees/pk-transport-cli/menagerie/php-language-signature/dev/../catalog/sorts/php:Real.blake3-512:3e46819b946be6efa38d44d53a9b6af8f59ecbbe340fbc1442fde6b64c102f0d8d75147e0b27ee71b68abcc4392d42e8aa470387270d9bec2a81ce7a4fc9cc57.json
sort	sort_stmt.spec.json	blake3-512:b9510eddad23c6c954d6610951a163e20ad5f340f95ed5e3fe2cfbb51410cf8589d71d974f351e2fdc7e025b11114d516418118f36f14f617ad34e395a27f24a	/Users/tsavo/provekit-worktrees/pk-transport-cli/menagerie/php-language-signature/dev/../catalog/sorts/php:Stmt.blake3-512:b9510eddad23c6c954d6610951a163e20ad5f340f95ed5e3fe2cfbb51410cf8589d71d974f351e2fdc7e025b11114d516418118f36f14f617ad34e395a27f24a.json
sort	sort_string.spec.json	blake3-512:e0f288358424a0ef72cb9a902bf1b6f2e8fd3904d70e9ce236b8962e8b6d9a9e891c72889b16255c6579277968c80c4c1625f5a001ba307b3400a9f46f6f6083	/Users/tsavo/provekit-worktrees/pk-transport-cli/menagerie/php-language-signature/dev/../catalog/sorts/php:String.blake3-512:e0f288358424a0ef72cb9a902bf1b6f2e8fd3904d70e9ce236b8962e8b6d9a9e891c72889b16255c6579277968c80c4c1625f5a001ba307b3400a9f46f6f6083.json
sort	sort_unit.spec.json	blake3-512:7381b540984edab196a73b73cfbea0e1a45d518b1a9187bb29cad742cccca1c3b18b4db3665dae3542c11065691cbc38d466602b535ce87506d916ea92a851c7	/Users/tsavo/provekit-worktrees/pk-transport-cli/menagerie/php-language-signature/dev/../catalog/sorts/php:Unit.blake3-512:7381b540984edab196a73b73cfbea0e1a45d518b1a9187bb29cad742cccca1c3b18b4db3665dae3542c11065691cbc38d466602b535ce87506d916ea92a851c7.json
sort	sort_value.spec.json	blake3-512:e77f967b57778c67fc5488f54594fa911f7b272b698bf1dc98b25c3b03f98769f32aacb960c42b9b2d8c53ff97c98b554e4851472a0038eda81c2067e676f929	/Users/tsavo/provekit-worktrees/pk-transport-cli/menagerie/php-language-signature/dev/../catalog/sorts/php:Value.blake3-512:e77f967b57778c67fc5488f54594fa911f7b272b698bf1dc98b25c3b03f98769f32aacb960c42b9b2d8c53ff97c98b554e4851472a0038eda81c2067e676f929.json
algorithm	op_add.spec.json	blake3-512:9adcaffdc389319c9a50208e798f7bc8d9e0b59563570a67400e22c1c978c060f6f2d59e2176c3a0fe245595ff24769c3617b41701e96851b0b7acdbbcab0f64	/Users/tsavo/provekit-worktrees/pk-transport-cli/menagerie/php-language-signature/dev/../catalog/algorithms/php:add.blake3-512:9adcaffdc389319c9a50208e798f7bc8d9e0b59563570a67400e22c1c978c060f6f2d59e2176c3a0fe245595ff24769c3617b41701e96851b0b7acdbbcab0f64.json
algorithm	op_and.spec.json	blake3-512:26e8cd01eb8e14a34b75e39e9d4f3df2aac21026b92a37ebb5cfb46179bc4698a3476d7d1da48c7add57e4db1b86ff6c388ff6ce6aefb53faef7838e17841c11	/Users/tsavo/provekit-worktrees/pk-transport-cli/menagerie/php-language-signature/dev/../catalog/algorithms/php:and.blake3-512:26e8cd01eb8e14a34b75e39e9d4f3df2aac21026b92a37ebb5cfb46179bc4698a3476d7d1da48c7add57e4db1b86ff6c388ff6ce6aefb53faef7838e17841c11.json
algorithm	op_assign.spec.json	blake3-512:57862ca83a9883420f397d9f53e5622b4534dd9569d40d0d42f1f72abcaae4ca2bd44f95d5a4836dc7833415e5230e444cdd1f460bb61d444de430147062a4ac	/Users/tsavo/provekit-worktrees/pk-transport-cli/menagerie/php-language-signature/dev/../catalog/algorithms/php:assign.blake3-512:57862ca83a9883420f397d9f53e5622b4534dd9569d40d0d42f1f72abcaae4ca2bd44f95d5a4836dc7833415e5230e444cdd1f460bb61d444de430147062a4ac.json
algorithm	op_bitand.spec.json	blake3-512:caed69c1caa839a3031b5b67ca54eee891e8ec477ea507ee0e1d1bf1dfeb9be6de5c5bfe3511383b2ff6eb240897b4cb68db25daa66e99323b93af7e2daf4f4e	/Users/tsavo/provekit-worktrees/pk-transport-cli/menagerie/php-language-signature/dev/../catalog/algorithms/php:bitand.blake3-512:caed69c1caa839a3031b5b67ca54eee891e8ec477ea507ee0e1d1bf1dfeb9be6de5c5bfe3511383b2ff6eb240897b4cb68db25daa66e99323b93af7e2daf4f4e.json
algorithm	op_bitnot.spec.json	blake3-512:4d89375f3f2c4892cdcef33eb055b785ae4d090bedf585aa49dd6d4a832c7fd0a83f5b639e45777a97c0d1110922582f1315392ac311521e55492967cfff8478	/Users/tsavo/provekit-worktrees/pk-transport-cli/menagerie/php-language-signature/dev/../catalog/algorithms/php:bitnot.blake3-512:4d89375f3f2c4892cdcef33eb055b785ae4d090bedf585aa49dd6d4a832c7fd0a83f5b639e45777a97c0d1110922582f1315392ac311521e55492967cfff8478.json
algorithm	op_bitor.spec.json	blake3-512:7fd165246392bab75e123dd4780accc9858e79ac03bf76f94c0b1b20a182c3bb83f40ccb345f053531070bbf1ec20cbf3983070e45d80712a2f18099968b64f4	/Users/tsavo/provekit-worktrees/pk-transport-cli/menagerie/php-language-signature/dev/../catalog/algorithms/php:bitor.blake3-512:7fd165246392bab75e123dd4780accc9858e79ac03bf76f94c0b1b20a182c3bb83f40ccb345f053531070bbf1ec20cbf3983070e45d80712a2f18099968b64f4.json
algorithm	op_bitxor.spec.json	blake3-512:843e25b7a5d849fc0755cacd72b5f7a7e55e369c9e1c639cb3a1016adbdd8ce868eb9fee73f2b4e4eb557382f6da51c35d67743a535fa84487da2ce99209b5db	/Users/tsavo/provekit-worktrees/pk-transport-cli/menagerie/php-language-signature/dev/../catalog/algorithms/php:bitxor.blake3-512:843e25b7a5d849fc0755cacd72b5f7a7e55e369c9e1c639cb3a1016adbdd8ce868eb9fee73f2b4e4eb557382f6da51c35d67743a535fa84487da2ce99209b5db.json
algorithm	op_break.spec.json	blake3-512:6436d9a6ffb1a8705d0d1b4c91d4d869ce823676efb09a42f75d6b1b70368cc6101b3c333226543c8f5ca3904e95ba2304faab2771ad213bcc53e6ed64a16255	/Users/tsavo/provekit-worktrees/pk-transport-cli/menagerie/php-language-signature/dev/../catalog/algorithms/php:break.blake3-512:6436d9a6ffb1a8705d0d1b4c91d4d869ce823676efb09a42f75d6b1b70368cc6101b3c333226543c8f5ca3904e95ba2304faab2771ad213bcc53e6ed64a16255.json
algorithm	op_call.spec.json	blake3-512:1ce68510b4d3d1a7c28b51f7ddf1e97dc63e197edfa7db6bd516d4eda31a12931acaa3ef6992772df29194575011e54e11a71e0117aca1e69a41f9a071d26e1f	/Users/tsavo/provekit-worktrees/pk-transport-cli/menagerie/php-language-signature/dev/../catalog/algorithms/php:call.blake3-512:1ce68510b4d3d1a7c28b51f7ddf1e97dc63e197edfa7db6bd516d4eda31a12931acaa3ef6992772df29194575011e54e11a71e0117aca1e69a41f9a071d26e1f.json
algorithm	op_concat.spec.json	blake3-512:25d2c85dee483b04c7548d797358aabc84fb32c7ffa17fe44e42941018d28160458bebf58bcc26972a40d59979b6e02d587663fe0fe77f9febdbfa62caa7de30	/Users/tsavo/provekit-worktrees/pk-transport-cli/menagerie/php-language-signature/dev/../catalog/algorithms/php:concat.blake3-512:25d2c85dee483b04c7548d797358aabc84fb32c7ffa17fe44e42941018d28160458bebf58bcc26972a40d59979b6e02d587663fe0fe77f9febdbfa62caa7de30.json
algorithm	op_continue.spec.json	blake3-512:f03948bd1f56921586307952672a5fbaa8203807a9cd9df1707125397798273dab15056eabcc601262046f8b18b5322ce157a3e657d5d9166612682c16d37f85	/Users/tsavo/provekit-worktrees/pk-transport-cli/menagerie/php-language-signature/dev/../catalog/algorithms/php:continue.blake3-512:f03948bd1f56921586307952672a5fbaa8203807a9cd9df1707125397798273dab15056eabcc601262046f8b18b5322ce157a3e657d5d9166612682c16d37f85.json
algorithm	op_div.spec.json	blake3-512:e4f7b44e00eba3997da0221527456dd4ebcb7a8fbb6a931faefcd4c03b2e8a57b9778e29cf670fb5d115c41e4c906df3b666e7fd20d5908121a7fe0cd728e38a	/Users/tsavo/provekit-worktrees/pk-transport-cli/menagerie/php-language-signature/dev/../catalog/algorithms/php:div.blake3-512:e4f7b44e00eba3997da0221527456dd4ebcb7a8fbb6a931faefcd4c03b2e8a57b9778e29cf670fb5d115c41e4c906df3b666e7fd20d5908121a7fe0cd728e38a.json
algorithm	op_dowhile.spec.json	blake3-512:08d4f279c21a92d67ef4bd0a8a706a827eec16ced31679340b27d35d3e03126b40bb7044baf80ee52d9ac508ab494b0eb1a23747dae81e4fcca3d1e646a0b29b	/Users/tsavo/provekit-worktrees/pk-transport-cli/menagerie/php-language-signature/dev/../catalog/algorithms/php:dowhile.blake3-512:08d4f279c21a92d67ef4bd0a8a706a827eec16ced31679340b27d35d3e03126b40bb7044baf80ee52d9ac508ab494b0eb1a23747dae81e4fcca3d1e646a0b29b.json
algorithm	op_echo.spec.json	blake3-512:5c75a6c5088705a5c269842bb987877f4b04abcea5a0acf7f1dbf9fffa45f955fce754c531efbcec4e0c39ad1605c6b91b0b2d2ce95e8d3fcc1df909593e56e4	/Users/tsavo/provekit-worktrees/pk-transport-cli/menagerie/php-language-signature/dev/../catalog/algorithms/php:echo.blake3-512:5c75a6c5088705a5c269842bb987877f4b04abcea5a0acf7f1dbf9fffa45f955fce754c531efbcec4e0c39ad1605c6b91b0b2d2ce95e8d3fcc1df909593e56e4.json
algorithm	op_eq.spec.json	blake3-512:25098b7c71e425c5ac9be9a31792aeb3f1aee48500ddc83c41518997aa3f1e6b3d8625167ca3d3b96f22b74868f9b735a9c676339f82d8ab586e479a0cfa7698	/Users/tsavo/provekit-worktrees/pk-transport-cli/menagerie/php-language-signature/dev/../catalog/algorithms/php:eq.blake3-512:25098b7c71e425c5ac9be9a31792aeb3f1aee48500ddc83c41518997aa3f1e6b3d8625167ca3d3b96f22b74868f9b735a9c676339f82d8ab586e479a0cfa7698.json
algorithm	op_exit.spec.json	blake3-512:422469783d2d6ad0c688d7c06add87015fc225f671cc6726620e05da1e74b70d0114dbecc6277a6d2776650b421df9c453b56bf111c18ed8d1aa8afa1b9c3990	/Users/tsavo/provekit-worktrees/pk-transport-cli/menagerie/php-language-signature/dev/../catalog/algorithms/php:exit.blake3-512:422469783d2d6ad0c688d7c06add87015fc225f671cc6726620e05da1e74b70d0114dbecc6277a6d2776650b421df9c453b56bf111c18ed8d1aa8afa1b9c3990.json
algorithm	op_for.spec.json	blake3-512:39e3206910d7b520041cb6d1a485b849bc29f384cf23fe9b5c678eb9982d6eed85e9ebca4200505404de8621dff0e8e2f9befa3f9b2f942479266d199c3a57d7	/Users/tsavo/provekit-worktrees/pk-transport-cli/menagerie/php-language-signature/dev/../catalog/algorithms/php:for.blake3-512:39e3206910d7b520041cb6d1a485b849bc29f384cf23fe9b5c678eb9982d6eed85e9ebca4200505404de8621dff0e8e2f9befa3f9b2f942479266d199c3a57d7.json
algorithm	op_foreach.spec.json	blake3-512:d643fd827f18b7c520598307d1caa7f95c880ed61415521aa04dbce03d50ade409de2d354c932c80f314144346a833b3e0669381b1635807af019dca534ea0ba	/Users/tsavo/provekit-worktrees/pk-transport-cli/menagerie/php-language-signature/dev/../catalog/algorithms/php:foreach.blake3-512:d643fd827f18b7c520598307d1caa7f95c880ed61415521aa04dbce03d50ade409de2d354c932c80f314144346a833b3e0669381b1635807af019dca534ea0ba.json
algorithm	op_ge.spec.json	blake3-512:1cb3f3c0b7b24fdf8037a839a33e4710bc4b751343f4e84a512371a22fe15ff9a59af58ff4ef98c39a97bd97d4e6e390b88b74fbe773f930b97b65196aa85ae9	/Users/tsavo/provekit-worktrees/pk-transport-cli/menagerie/php-language-signature/dev/../catalog/algorithms/php:ge.blake3-512:1cb3f3c0b7b24fdf8037a839a33e4710bc4b751343f4e84a512371a22fe15ff9a59af58ff4ef98c39a97bd97d4e6e390b88b74fbe773f930b97b65196aa85ae9.json
algorithm	op_gt.spec.json	blake3-512:293e54ee72d3279ee566eb26a73ce1ea50c7faa0742eee1524ff511dd34abb12e1211f525316093aba1c5712dd0c377aef71058a4deb5f661cb6d0cb9ad23648	/Users/tsavo/provekit-worktrees/pk-transport-cli/menagerie/php-language-signature/dev/../catalog/algorithms/php:gt.blake3-512:293e54ee72d3279ee566eb26a73ce1ea50c7faa0742eee1524ff511dd34abb12e1211f525316093aba1c5712dd0c377aef71058a4deb5f661cb6d0cb9ad23648.json
algorithm	op_identical.spec.json	blake3-512:bb28b5906b2507c3266a50de28ef90b25b2af73eb53d57c5a502bf3ee0d1dcce9eba7e2ebfd03bf9bb32866d479b4d00afd09214025cb8c6b98693fff6a8d88c	/Users/tsavo/provekit-worktrees/pk-transport-cli/menagerie/php-language-signature/dev/../catalog/algorithms/php:identical.blake3-512:bb28b5906b2507c3266a50de28ef90b25b2af73eb53d57c5a502bf3ee0d1dcce9eba7e2ebfd03bf9bb32866d479b4d00afd09214025cb8c6b98693fff6a8d88c.json
algorithm	op_if.spec.json	blake3-512:1e16440977b85bf091c070056fd38661e2a840d709062a5d78bc67384b383af944ceeafd6bd0eac1c208d80b3428f9a82c93715bde2aaf5591672ab41bbc5446	/Users/tsavo/provekit-worktrees/pk-transport-cli/menagerie/php-language-signature/dev/../catalog/algorithms/php:if.blake3-512:1e16440977b85bf091c070056fd38661e2a840d709062a5d78bc67384b383af944ceeafd6bd0eac1c208d80b3428f9a82c93715bde2aaf5591672ab41bbc5446.json
algorithm	op_index.spec.json	blake3-512:3c494370d0071a9aa09d56974d89edc1f5af96400c610a1c133db36fa80e961f8b2d0e7f9fa085cfcb2c9a66f4340a3eb47148a57ac8a7d11b88659079b4dc45	/Users/tsavo/provekit-worktrees/pk-transport-cli/menagerie/php-language-signature/dev/../catalog/algorithms/php:index.blake3-512:3c494370d0071a9aa09d56974d89edc1f5af96400c610a1c133db36fa80e961f8b2d0e7f9fa085cfcb2c9a66f4340a3eb47148a57ac8a7d11b88659079b4dc45.json
algorithm	op_le.spec.json	blake3-512:24df5fce5edf59898118b93f69ab1379a28eb1f111a00857aa1a9be9b0be413c228b0a4934faeec7401b3a776133b9859774981122ad41f3f2204f7ff2ba8547	/Users/tsavo/provekit-worktrees/pk-transport-cli/menagerie/php-language-signature/dev/../catalog/algorithms/php:le.blake3-512:24df5fce5edf59898118b93f69ab1379a28eb1f111a00857aa1a9be9b0be413c228b0a4934faeec7401b3a776133b9859774981122ad41f3f2204f7ff2ba8547.json
algorithm	op_lt.spec.json	blake3-512:dd052d2a4b9ed6c9a11663a7e5c9f1b02f163b28b7e5621c173490a3f9246bcb525cfc675fb3c3846de174fe147c2e478e49eac2d8022bee2c88813f91251448	/Users/tsavo/provekit-worktrees/pk-transport-cli/menagerie/php-language-signature/dev/../catalog/algorithms/php:lt.blake3-512:dd052d2a4b9ed6c9a11663a7e5c9f1b02f163b28b7e5621c173490a3f9246bcb525cfc675fb3c3846de174fe147c2e478e49eac2d8022bee2c88813f91251448.json
algorithm	op_methodcall.spec.json	blake3-512:c60864e04fef7517e41990da9045fb95383f03e416b974b3a1a4134b7dbeead42695f63894a1aea5c23345b7ec3094a8f65fc3808eba447ff395b392935b100e	/Users/tsavo/provekit-worktrees/pk-transport-cli/menagerie/php-language-signature/dev/../catalog/algorithms/php:methodcall.blake3-512:c60864e04fef7517e41990da9045fb95383f03e416b974b3a1a4134b7dbeead42695f63894a1aea5c23345b7ec3094a8f65fc3808eba447ff395b392935b100e.json
algorithm	op_mod.spec.json	blake3-512:b913e2efef2eca09b1ca082f55be42ea68d473e17acd1486d60db3a5664cba80aca9d4d91bc181f35e0bdbe4258b88aadc379681d01495f50c1ebfdbe936f2bc	/Users/tsavo/provekit-worktrees/pk-transport-cli/menagerie/php-language-signature/dev/../catalog/algorithms/php:mod.blake3-512:b913e2efef2eca09b1ca082f55be42ea68d473e17acd1486d60db3a5664cba80aca9d4d91bc181f35e0bdbe4258b88aadc379681d01495f50c1ebfdbe936f2bc.json
algorithm	op_mul.spec.json	blake3-512:28ce0c3ce749a6fb6a8eb80fac286569f0c806125e5f0ba9cf7e8c9dc2565b1fd8138ffff2f16065c1801ebbd81dbf40618d025ef8985b326d3fd6a40ea3a4a9	/Users/tsavo/provekit-worktrees/pk-transport-cli/menagerie/php-language-signature/dev/../catalog/algorithms/php:mul.blake3-512:28ce0c3ce749a6fb6a8eb80fac286569f0c806125e5f0ba9cf7e8c9dc2565b1fd8138ffff2f16065c1801ebbd81dbf40618d025ef8985b326d3fd6a40ea3a4a9.json
algorithm	op_ne.spec.json	blake3-512:f00c9f8325f443ab444821a6ae77c1241d31d3f7ee5431ee34fcad9ae841edd17d9e6fa9a22d99e9d8acb5df713209c19e3438988205dfa7c9e48cfd123388f8	/Users/tsavo/provekit-worktrees/pk-transport-cli/menagerie/php-language-signature/dev/../catalog/algorithms/php:ne.blake3-512:f00c9f8325f443ab444821a6ae77c1241d31d3f7ee5431ee34fcad9ae841edd17d9e6fa9a22d99e9d8acb5df713209c19e3438988205dfa7c9e48cfd123388f8.json
algorithm	op_neg.spec.json	blake3-512:8f11ed10dcb724d643e2fffae57693c0db46bac8663442ef065c40633c961036f3bc2792294c3405843c88ee5033b028351999028393ff3c5d9ec07e9fbb302f	/Users/tsavo/provekit-worktrees/pk-transport-cli/menagerie/php-language-signature/dev/../catalog/algorithms/php:neg.blake3-512:8f11ed10dcb724d643e2fffae57693c0db46bac8663442ef065c40633c961036f3bc2792294c3405843c88ee5033b028351999028393ff3c5d9ec07e9fbb302f.json
algorithm	op_not_identical.spec.json	blake3-512:d45af9da4fd268a8a4da04040bcc66ff3a5760cea9ba6b17194dc5eb9d5b26e52d1ee713d930933fc6d5f764f544f3a7117a314b22bafd582ce447027c37079c	/Users/tsavo/provekit-worktrees/pk-transport-cli/menagerie/php-language-signature/dev/../catalog/algorithms/php:not_identical.blake3-512:d45af9da4fd268a8a4da04040bcc66ff3a5760cea9ba6b17194dc5eb9d5b26e52d1ee713d930933fc6d5f764f544f3a7117a314b22bafd582ce447027c37079c.json
algorithm	op_not.spec.json	blake3-512:18026d197e06c001287509d5c5a77587cab5a437649d7fdfd0579820fbd296488e9438322f0b07ebb10111ff887db0c57701e4cad9e90ac1b1de14a16e75a1e8	/Users/tsavo/provekit-worktrees/pk-transport-cli/menagerie/php-language-signature/dev/../catalog/algorithms/php:not.blake3-512:18026d197e06c001287509d5c5a77587cab5a437649d7fdfd0579820fbd296488e9438322f0b07ebb10111ff887db0c57701e4cad9e90ac1b1de14a16e75a1e8.json
algorithm	op_nullcoalesce.spec.json	blake3-512:f8d7df74ad10e2be9931e3c41b6ec6389b7bea55a6acb3ca51dda0e46e8942e71bc61bcfafdbc43c2c16f4eb0bb55db5157083c9464bdd88c4beff4166413299	/Users/tsavo/provekit-worktrees/pk-transport-cli/menagerie/php-language-signature/dev/../catalog/algorithms/php:nullcoalesce.blake3-512:f8d7df74ad10e2be9931e3c41b6ec6389b7bea55a6acb3ca51dda0e46e8942e71bc61bcfafdbc43c2c16f4eb0bb55db5157083c9464bdd88c4beff4166413299.json
algorithm	op_or.spec.json	blake3-512:a442ea07128a0152fe46a964da276b4e70c3e498ed62dbd94175f01335dc3d19ceaaa1d1f153d75fcd337a25fcb48569ed32e3e05c1ccc346088ee10263ec52a	/Users/tsavo/provekit-worktrees/pk-transport-cli/menagerie/php-language-signature/dev/../catalog/algorithms/php:or.blake3-512:a442ea07128a0152fe46a964da276b4e70c3e498ed62dbd94175f01335dc3d19ceaaa1d1f153d75fcd337a25fcb48569ed32e3e05c1ccc346088ee10263ec52a.json
algorithm	op_pos.spec.json	blake3-512:d2294bf7ad38806d92843d4493d0d7b8d9e6e5b8257bc0eddec14b7b46234434e1c6aa3893eb2c7755e36c448352b5f3db439d6e67032c58702c2fdbe4e453b2	/Users/tsavo/provekit-worktrees/pk-transport-cli/menagerie/php-language-signature/dev/../catalog/algorithms/php:pos.blake3-512:d2294bf7ad38806d92843d4493d0d7b8d9e6e5b8257bc0eddec14b7b46234434e1c6aa3893eb2c7755e36c448352b5f3db439d6e67032c58702c2fdbe4e453b2.json
algorithm	op_print.spec.json	blake3-512:eb1614d8424210483ee79cd574f708ac04039c51c7b6a55c4c02e1c4918859fcb99094618f40e6a45e1a5fa0921f3bbdd5d5de3cfa92c1e186175f7fc5a156ae	/Users/tsavo/provekit-worktrees/pk-transport-cli/menagerie/php-language-signature/dev/../catalog/algorithms/php:print.blake3-512:eb1614d8424210483ee79cd574f708ac04039c51c7b6a55c4c02e1c4918859fcb99094618f40e6a45e1a5fa0921f3bbdd5d5de3cfa92c1e186175f7fc5a156ae.json
algorithm	op_propfetch.spec.json	blake3-512:1b8179268629146b548349eb1cb888a51031f14dc233561314c2f82f800c9ada6752fc705d99dea3a42c875f06153077c7f07c3139b2477d3d6e173e12f62f2b	/Users/tsavo/provekit-worktrees/pk-transport-cli/menagerie/php-language-signature/dev/../catalog/algorithms/php:propfetch.blake3-512:1b8179268629146b548349eb1cb888a51031f14dc233561314c2f82f800c9ada6752fc705d99dea3a42c875f06153077c7f07c3139b2477d3d6e173e12f62f2b.json
algorithm	op_return.spec.json	blake3-512:d2027ebbc0a379b976e5723c135a0d1d19f48900c58f806ca0ab102d3a2e8b00a6a307a4dccc6777af2ff5411915a53a06e3227157cb1903db178e168e987701	/Users/tsavo/provekit-worktrees/pk-transport-cli/menagerie/php-language-signature/dev/../catalog/algorithms/php:return.blake3-512:d2027ebbc0a379b976e5723c135a0d1d19f48900c58f806ca0ab102d3a2e8b00a6a307a4dccc6777af2ff5411915a53a06e3227157cb1903db178e168e987701.json
algorithm	op_seq.spec.json	blake3-512:c37c3a07a4ffe3aea38e4324d3a5a81b9d0ee464101aea8cbb10aef5c5d8493802edf55984075da32c83a2de2110177f741ec35ac9c6d823cea578f7ec45d28a	/Users/tsavo/provekit-worktrees/pk-transport-cli/menagerie/php-language-signature/dev/../catalog/algorithms/php:seq.blake3-512:c37c3a07a4ffe3aea38e4324d3a5a81b9d0ee464101aea8cbb10aef5c5d8493802edf55984075da32c83a2de2110177f741ec35ac9c6d823cea578f7ec45d28a.json
algorithm	op_shl.spec.json	blake3-512:ea294941e497805b9ea1de52299138a8ac9a9ab5484c8f7869ee6896137d0bd7c8edf4c584a5874a2897269e98ab07c691fe09ed43b87a0bbe52e06998c24eb4	/Users/tsavo/provekit-worktrees/pk-transport-cli/menagerie/php-language-signature/dev/../catalog/algorithms/php:shl.blake3-512:ea294941e497805b9ea1de52299138a8ac9a9ab5484c8f7869ee6896137d0bd7c8edf4c584a5874a2897269e98ab07c691fe09ed43b87a0bbe52e06998c24eb4.json
algorithm	op_shr.spec.json	blake3-512:65616a45e941510a14969690944b0e247558d5014fd309a8b5cf19cdbd962fc1900053c0c07c0ab5a5bcee1509ed101a517d0247852451e8c4a270a567eaebc6	/Users/tsavo/provekit-worktrees/pk-transport-cli/menagerie/php-language-signature/dev/../catalog/algorithms/php:shr.blake3-512:65616a45e941510a14969690944b0e247558d5014fd309a8b5cf19cdbd962fc1900053c0c07c0ab5a5bcee1509ed101a517d0247852451e8c4a270a567eaebc6.json
algorithm	op_source-unit.spec.json	blake3-512:63fbd8352581aa40ac5aa657f6faa81e74e4255df4a479760ee9eca9093b37c370251ba39c241588ad36e774c2bf5bf7f04b5c256d0e242a85308031d9f15128	/Users/tsavo/provekit-worktrees/pk-transport-cli/menagerie/php-language-signature/dev/../catalog/algorithms/php:source-unit.blake3-512:63fbd8352581aa40ac5aa657f6faa81e74e4255df4a479760ee9eca9093b37c370251ba39c241588ad36e774c2bf5bf7f04b5c256d0e242a85308031d9f15128.json
algorithm	op_staticcall.spec.json	blake3-512:f5c24622c3f1587b74c4bf13183b8e223d3943c3df006fd958b4a52b1fb076108adcdf1428cce0dd47115e8b0a5a66346d4bc8b2f923ba67a0fc772e33c2b687	/Users/tsavo/provekit-worktrees/pk-transport-cli/menagerie/php-language-signature/dev/../catalog/algorithms/php:staticcall.blake3-512:f5c24622c3f1587b74c4bf13183b8e223d3943c3df006fd958b4a52b1fb076108adcdf1428cce0dd47115e8b0a5a66346d4bc8b2f923ba67a0fc772e33c2b687.json
algorithm	op_staticprop.spec.json	blake3-512:b3a090296291991850f0ab10fca368e70cdf6f800edd0c75f1af8655a4d05a206f10657f26d3a4bc91974316122597f005b841584afe40f26aed1a59957aa202	/Users/tsavo/provekit-worktrees/pk-transport-cli/menagerie/php-language-signature/dev/../catalog/algorithms/php:staticprop.blake3-512:b3a090296291991850f0ab10fca368e70cdf6f800edd0c75f1af8655a4d05a206f10657f26d3a4bc91974316122597f005b841584afe40f26aed1a59957aa202.json
algorithm	op_sub.spec.json	blake3-512:7d5b6f8a51ee66cc9c840b18f3dbe0702e8c3157f5312215c224bb87357bfbc1ac1157073e1e0cc55483da9119e0f6101019d3dbb34d3cbc37308a9957fe9714	/Users/tsavo/provekit-worktrees/pk-transport-cli/menagerie/php-language-signature/dev/../catalog/algorithms/php:sub.blake3-512:7d5b6f8a51ee66cc9c840b18f3dbe0702e8c3157f5312215c224bb87357bfbc1ac1157073e1e0cc55483da9119e0f6101019d3dbb34d3cbc37308a9957fe9714.json
algorithm	op_ternary.spec.json	blake3-512:e3d0ab08cbb8994dc677c1334eb83cfc7134140d2332c56d06afa740f318cfbf2656d9117241f410c012e8e9bc2f2673790430571f4a5ecdd21a08f6aa7fef49	/Users/tsavo/provekit-worktrees/pk-transport-cli/menagerie/php-language-signature/dev/../catalog/algorithms/php:ternary.blake3-512:e3d0ab08cbb8994dc677c1334eb83cfc7134140d2332c56d06afa740f318cfbf2656d9117241f410c012e8e9bc2f2673790430571f4a5ecdd21a08f6aa7fef49.json
algorithm	op_throw.spec.json	blake3-512:a2f1eed80f51c4d61ad09eb7803c27deece53a5f2844ad02d4e2a2963cdc55660f5a4e36021fec11d0ab17dd57d135fbeeed0e7746004a8f1ed2db312981a274	/Users/tsavo/provekit-worktrees/pk-transport-cli/menagerie/php-language-signature/dev/../catalog/algorithms/php:throw.blake3-512:a2f1eed80f51c4d61ad09eb7803c27deece53a5f2844ad02d4e2a2963cdc55660f5a4e36021fec11d0ab17dd57d135fbeeed0e7746004a8f1ed2db312981a274.json
algorithm	op_while.spec.json	blake3-512:a8d8dba24a640652690aebad6a26f733abc258cead83abd1d974616fdb6a01328f020957f778f0e511acb75e7ed3ee5fa3cf8f20487fe0ed65c10a49ab438d2b	/Users/tsavo/provekit-worktrees/pk-transport-cli/menagerie/php-language-signature/dev/../catalog/algorithms/php:while.blake3-512:a8d8dba24a640652690aebad6a26f733abc258cead83abd1d974616fdb6a01328f020957f778f0e511acb75e7ed3ee5fa3cf8f20487fe0ed65c10a49ab438d2b.json
algorithm	eff_io.spec.json	blake3-512:9e937ab5de72649ba7fd1d803edd30bdf3c003dc7e14b43fd9a5e3bfc0d1ea3959588bd628dcdec3fd05d06946ee6539ce45108b48daae0d232f0bdf8294601a	/Users/tsavo/provekit-worktrees/pk-transport-cli/menagerie/php-language-signature/dev/../catalog/algorithms/php:effect:io.blake3-512:9e937ab5de72649ba7fd1d803edd30bdf3c003dc7e14b43fd9a5e3bfc0d1ea3959588bd628dcdec3fd05d06946ee6539ce45108b48daae0d232f0bdf8294601a.json
algorithm	eff_opaque_loop.spec.json	blake3-512:d577cd4230ccb02fa10b729a6b1d6e0803aef7f295b114bd5e393d917fa32194acd8d749b245a43fe80f29e34cce10ed110a66dd011788f0a012754da33012e8	/Users/tsavo/provekit-worktrees/pk-transport-cli/menagerie/php-language-signature/dev/../catalog/algorithms/php:effect:opaque-loop.blake3-512:d577cd4230ccb02fa10b729a6b1d6e0803aef7f295b114bd5e393d917fa32194acd8d749b245a43fe80f29e34cce10ed110a66dd011788f0a012754da33012e8.json
algorithm	eff_panic.spec.json	blake3-512:1f0f5a43b27625a27896dc5544e92ff2281360a1b74bf5ddea3f2a826c9e063a94104c2783dc9d818bb4713e6f279a868094d9aadc620ccec7fb686fef5baa06	/Users/tsavo/provekit-worktrees/pk-transport-cli/menagerie/php-language-signature/dev/../catalog/algorithms/php:effect:panic.blake3-512:1f0f5a43b27625a27896dc5544e92ff2281360a1b74bf5ddea3f2a826c9e063a94104c2783dc9d818bb4713e6f279a868094d9aadc620ccec7fb686fef5baa06.json
algorithm	eff_read.spec.json	blake3-512:8a8a23b2ddb213d5ac18f6dff4046bb1e21ce9259abac1b7a27f3abf3a08913fcbb9b7da90f4c1bcdb6f1840812b77ab16f5657230bf17e7cfbdb75f1ef90b3b	/Users/tsavo/provekit-worktrees/pk-transport-cli/menagerie/php-language-signature/dev/../catalog/algorithms/php:effect:read.blake3-512:8a8a23b2ddb213d5ac18f6dff4046bb1e21ce9259abac1b7a27f3abf3a08913fcbb9b7da90f4c1bcdb6f1840812b77ab16f5657230bf17e7cfbdb75f1ef90b3b.json
algorithm	eff_unresolved_call.spec.json	blake3-512:dbb54e3adadf6278f087afa0b021add1757aebd80433e57b6646e61ad3d7fecc786a9a6663d9569c22d6e7049deebb716b35e8451a16ac01184148ff25019bc1	/Users/tsavo/provekit-worktrees/pk-transport-cli/menagerie/php-language-signature/dev/../catalog/algorithms/php:effect:unresolved-call.blake3-512:dbb54e3adadf6278f087afa0b021add1757aebd80433e57b6646e61ad3d7fecc786a9a6663d9569c22d6e7049deebb716b35e8451a16ac01184148ff25019bc1.json
algorithm	eff_write.spec.json	blake3-512:80f51f4a4e0d75760e0e22ed392c7c3e2e127b112d97d4f56deee672a68b66c3e472939ec4e2332fca827113d729cb5432a41dd3fab07118a0062a6e0f12a800	/Users/tsavo/provekit-worktrees/pk-transport-cli/menagerie/php-language-signature/dev/../catalog/algorithms/php:effect:write.blake3-512:80f51f4a4e0d75760e0e22ed392c7c3e2e127b112d97d4f56deee672a68b66c3e472939ec4e2332fca827113d729cb5432a41dd3fab07118a0062a6e0f12a800.json
equation	eq_and_to_ite_desugar.spec.json	blake3-512:8115b7d378ebcdffeb0889cd322398d6657799c910774b92c2b9743a7696dbb2845e15cdc7ca924dd2bddc400d93f197604d9d5f0384dff3e649c57d6be1f9d4	/Users/tsavo/provekit-worktrees/pk-transport-cli/menagerie/php-language-signature/dev/../catalog/equations/php:and-to-ite-desugar.blake3-512:8115b7d378ebcdffeb0889cd322398d6657799c910774b92c2b9743a7696dbb2845e15cdc7ca924dd2bddc400d93f197604d9d5f0384dff3e649c57d6be1f9d4.json
equation	eq_or_to_ite_desugar.spec.json	blake3-512:1ee2e028a237a7cfa829cf0aad14bdf2a70a95212e70ad11efda4e243fcd30682f475250687b65d08e9a00edf4749f503991b93f77eb07c1ab87b4e43f614b7f	/Users/tsavo/provekit-worktrees/pk-transport-cli/menagerie/php-language-signature/dev/../catalog/equations/php:or-to-ite-desugar.blake3-512:1ee2e028a237a7cfa829cf0aad14bdf2a70a95212e70ad11efda4e243fcd30682f475250687b65d08e9a00edf4749f503991b93f77eb07c1ab87b4e43f614b7f.json
effect-signature	effsig_io.spec.json	blake3-512:51a5256b9b15babb631e86c0cd6383c455d2e53a45ccc06a367b500051c78a0882f295b0aaab94162dda5e3587eb2a4d52a5e3cd8a649c2bf185e29622230e52	/Users/tsavo/provekit-worktrees/pk-transport-cli/menagerie/php-language-signature/dev/../catalog/signatures/php:effect-signature:IO.blake3-512:51a5256b9b15babb631e86c0cd6383c455d2e53a45ccc06a367b500051c78a0882f295b0aaab94162dda5e3587eb2a4d52a5e3cd8a649c2bf185e29622230e52.json
effect-signature	effsig_opaque_loop.spec.json	blake3-512:af755c1907e2af53a8f2be9bce7386d4473b64c019db475b500f524dbfa870784810e0875f9016f89475137247ede59a29aa6ad09bfefb13cb6b76d79ac5ed07	/Users/tsavo/provekit-worktrees/pk-transport-cli/menagerie/php-language-signature/dev/../catalog/signatures/php:effect-signature:OpaqueLoop.blake3-512:af755c1907e2af53a8f2be9bce7386d4473b64c019db475b500f524dbfa870784810e0875f9016f89475137247ede59a29aa6ad09bfefb13cb6b76d79ac5ed07.json
effect-signature	effsig_panic.spec.json	blake3-512:3934dd748be6260c528eaf7930b6052ce93ce45a13a28afdcaaa6d98b1e5d844cd0a754c684df48c56591bbf516a503a14b5dc44fce02ecdabd29296eaf2985e	/Users/tsavo/provekit-worktrees/pk-transport-cli/menagerie/php-language-signature/dev/../catalog/signatures/php:effect-signature:Panic.blake3-512:3934dd748be6260c528eaf7930b6052ce93ce45a13a28afdcaaa6d98b1e5d844cd0a754c684df48c56591bbf516a503a14b5dc44fce02ecdabd29296eaf2985e.json
effect-signature	effsig_read.spec.json	blake3-512:44d9a73baf982933bab65b3087afb2d0b15dff823d04ceec7e15cde2368e4295c28cd8c5efa2f63493b62f8995805913ef055bf2ea43af6003b44efa962e6e44	/Users/tsavo/provekit-worktrees/pk-transport-cli/menagerie/php-language-signature/dev/../catalog/signatures/php:effect-signature:MemRead.blake3-512:44d9a73baf982933bab65b3087afb2d0b15dff823d04ceec7e15cde2368e4295c28cd8c5efa2f63493b62f8995805913ef055bf2ea43af6003b44efa962e6e44.json
effect-signature	effsig_unresolved_call.spec.json	blake3-512:42aaf38668f0990ddd5f3b1b8f4ec2bdfae2ac02d15dcf60a3e962afda6c2646ccef23406d40add627eb2457c3238b24c62093f01786809c39f61233ac9739e6	/Users/tsavo/provekit-worktrees/pk-transport-cli/menagerie/php-language-signature/dev/../catalog/signatures/php:effect-signature:UnresolvedCall.blake3-512:42aaf38668f0990ddd5f3b1b8f4ec2bdfae2ac02d15dcf60a3e962afda6c2646ccef23406d40add627eb2457c3238b24c62093f01786809c39f61233ac9739e6.json
effect-signature	effsig_write.spec.json	blake3-512:65f6a1c337e5c518a9f82ba52d94ddf3d7404a98483d8cd6f3a4492b857071f2702ed255aaee154e502b1927fe898731abaecb66c413be75d7e61987903a9b76	/Users/tsavo/provekit-worktrees/pk-transport-cli/menagerie/php-language-signature/dev/../catalog/signatures/php:effect-signature:MemWrite.blake3-512:65f6a1c337e5c518a9f82ba52d94ddf3d7404a98483d8cd6f3a4492b857071f2702ed255aaee154e502b1927fe898731abaecb66c413be75d7e61987903a9b76.json
language-signature	language_signature_php.spec.json	blake3-512:a21df3e5d95608d76bed025cec6a7069b8a87ecef3675f13b273394730427e1c782e128ba827e77b0b7a2e74fdd089657c8807ab7795df9acbf0c0c2b87e4ad4	/Users/tsavo/provekit-worktrees/pk-transport-cli/menagerie/php-language-signature/dev/../catalog/signatures/php.blake3-512:a21df3e5d95608d76bed025cec6a7069b8a87ecef3675f13b273394730427e1c782e128ba827e77b0b7a2e74fdd089657c8807ab7795df9acbf0c0c2b87e4ad4.json
