sort	sort_stmt.spec.json	blake3-512:e2dec518b73f715c75196763f29e90649e88ca82762cceb17fd98837be3e8854c1631ddaade51c80260b155b5b2bc2b4eef10d65710a9bbecb4af2b7f7b0bd27	/private/tmp/pk-c-gen/menagerie/c11-language-signature/dev/../catalog/sorts/c11:Stmt.blake3-512:e2dec518b73f715c75196763f29e90649e88ca82762cceb17fd98837be3e8854c1631ddaade51c80260b155b5b2bc2b4eef10d65710a9bbecb4af2b7f7b0bd27.json
sort	sort_expr.spec.json	blake3-512:6804cba0332c816f73f8cddb285b53d9dc8e894fa508e2ff52dbb473d88045fb7340b6414eef52174aaf277bc203bdfe806b3f95a4b6e9e00992447aac794e92	/private/tmp/pk-c-gen/menagerie/c11-language-signature/dev/../catalog/sorts/c11:Expr.blake3-512:6804cba0332c816f73f8cddb285b53d9dc8e894fa508e2ff52dbb473d88045fb7340b6414eef52174aaf277bc203bdfe806b3f95a4b6e9e00992447aac794e92.json
sort	sort_lvalue.spec.json	blake3-512:44e8e862aa3b5069b137bcf48f5d56c5f6dda142f0e4743e5466f62a2d14e2b6616c25c8142ea8039e91ebe9797be7718c635e99fe2f34998795cc750a17f788	/private/tmp/pk-c-gen/menagerie/c11-language-signature/dev/../catalog/sorts/c11:LValue.blake3-512:44e8e862aa3b5069b137bcf48f5d56c5f6dda142f0e4743e5466f62a2d14e2b6616c25c8142ea8039e91ebe9797be7718c635e99fe2f34998795cc750a17f788.json
sort	sort_int.spec.json	blake3-512:83b77bc48367d056108eba73f951aabc15d4d3a73990a3528ce8206f43849eb30ba44b7a511f4fe3109c392a09009becfd85dacac3e39baf93043e3503045274	/private/tmp/pk-c-gen/menagerie/c11-language-signature/dev/../catalog/sorts/c11:Int.blake3-512:83b77bc48367d056108eba73f951aabc15d4d3a73990a3528ce8206f43849eb30ba44b7a511f4fe3109c392a09009becfd85dacac3e39baf93043e3503045274.json
sort	sort_ptr.spec.json	blake3-512:775805978da7b5a5107863b71d5b75346a6afe554981bf83cf330b28a6df32f960c57816a88d653dbc20dfc9db1ba1ec2cdbff635698bc320594ae971042b51a	/private/tmp/pk-c-gen/menagerie/c11-language-signature/dev/../catalog/sorts/c11:Ptr.blake3-512:775805978da7b5a5107863b71d5b75346a6afe554981bf83cf330b28a6df32f960c57816a88d653dbc20dfc9db1ba1ec2cdbff635698bc320594ae971042b51a.json
sort	sort_bool.spec.json	blake3-512:42861c5bfe321de3b9635e981bcf05318dfc872419761202b49b7746843924a9061945087b89b5bbac0b03ffbf8199fec7d49c77f95404e93eae138557f1d026	/private/tmp/pk-c-gen/menagerie/c11-language-signature/dev/../catalog/sorts/c11:Bool.blake3-512:42861c5bfe321de3b9635e981bcf05318dfc872419761202b49b7746843924a9061945087b89b5bbac0b03ffbf8199fec7d49c77f95404e93eae138557f1d026.json
sort	sort_unit.spec.json	blake3-512:d6db1d01c7cb5d1552247ee4920d0a09cf5fb1f1b993e221a003304a1494b4a81ffd5ac2522d33b2c1cecdc44bd8997b5dc2916f6ec113fc4473cdd064aad5ec	/private/tmp/pk-c-gen/menagerie/c11-language-signature/dev/../catalog/sorts/c11:Unit.blake3-512:d6db1d01c7cb5d1552247ee4920d0a09cf5fb1f1b993e221a003304a1494b4a81ffd5ac2522d33b2c1cecdc44bd8997b5dc2916f6ec113fc4473cdd064aad5ec.json
sort	sort_fncontract.spec.json	blake3-512:bb49c29f8e379e003214d7604e4a82cd66c983cc691809a2171ffe0ee87a28fb1b7aa3107534be3afa22f1a30debc5d7b932ab20c8d2123e89dea0bff1b8461b	/private/tmp/pk-c-gen/menagerie/c11-language-signature/dev/../catalog/sorts/c11:FnContract.blake3-512:bb49c29f8e379e003214d7604e4a82cd66c983cc691809a2171ffe0ee87a28fb1b7aa3107534be3afa22f1a30debc5d7b932ab20c8d2123e89dea0bff1b8461b.json
sort	sort_fieldname.spec.json	blake3-512:c8d22c12535fcfcb07de8085e8043a7894fb500ae076b169db2a012222e0def71aeb6a916af7f1bde0fe4e0f0508abc709fc51a3e93688aea74b7ae559bf34ed	/private/tmp/pk-c-gen/menagerie/c11-language-signature/dev/../catalog/sorts/c11:FieldName.blake3-512:c8d22c12535fcfcb07de8085e8043a7894fb500ae076b169db2a012222e0def71aeb6a916af7f1bde0fe4e0f0508abc709fc51a3e93688aea74b7ae559bf34ed.json
sort	sort_listofstmt.spec.json	blake3-512:12ad139fed8db1abf47140e923bd2364fde208eadc2121971389ea151138b36996fe4e0206451e7a783bad31042ab1f5dfd2a7b1511d725afa83dc8fd7258e5a	/private/tmp/pk-c-gen/menagerie/c11-language-signature/dev/../catalog/sorts/c11:ListOfStmt.blake3-512:12ad139fed8db1abf47140e923bd2364fde208eadc2121971389ea151138b36996fe4e0206451e7a783bad31042ab1f5dfd2a7b1511d725afa83dc8fd7258e5a.json
sort	sort_listofexpr.spec.json	blake3-512:c74a0ce2c5f252e17f8c69d97be9da31e1b6a6395e400d1196bfeafdf90d07ce4304feb73ecf9afa3b7b7ccb617153fcb9ec860f8e24dc2886109b9b4086f356	/private/tmp/pk-c-gen/menagerie/c11-language-signature/dev/../catalog/sorts/c11:ListOfExpr.blake3-512:c74a0ce2c5f252e17f8c69d97be9da31e1b6a6395e400d1196bfeafdf90d07ce4304feb73ecf9afa3b7b7ccb617153fcb9ec860f8e24dc2886109b9b4086f356.json
sort	sort_addr.spec.json	blake3-512:98e87cc99090bf151dcf4f3762c93ec626389566d5fac486438f3e87835d990ddc89662c20280dccbf04c7d971cbc460b806a9dca073c11196178864914b673b	/private/tmp/pk-c-gen/menagerie/c11-language-signature/dev/../catalog/sorts/c11:Addr.blake3-512:98e87cc99090bf151dcf4f3762c93ec626389566d5fac486438f3e87835d990ddc89662c20280dccbf04c7d971cbc460b806a9dca073c11196178864914b673b.json
sort	sort_value.spec.json	blake3-512:79486b695251166bd059a9132f9191488449eaf57b0e5de511a4154d38411939b505f7d264a75a0ee65106f2daef3cba0eba313f066597595a01d551edc25bd6	/private/tmp/pk-c-gen/menagerie/c11-language-signature/dev/../catalog/sorts/c11:Value.blake3-512:79486b695251166bd059a9132f9191488449eaf57b0e5de511a4154d38411939b505f7d264a75a0ee65106f2daef3cba0eba313f066597595a01d551edc25bd6.json
sort	sort_reason.spec.json	blake3-512:d8f89a89eb63f91b6a2808374736b374e9eb1837e1c92b233409995f43edd2dc33dfb566ab4355f91ab7833daa0f78203762ba799b2e2936c245cc2a7a9f96e9	/private/tmp/pk-c-gen/menagerie/c11-language-signature/dev/../catalog/sorts/c11:Reason.blake3-512:d8f89a89eb63f91b6a2808374736b374e9eb1837e1c92b233409995f43edd2dc33dfb566ab4355f91ab7833daa0f78203762ba799b2e2936c245cc2a7a9f96e9.json
sort	sort_bottom.spec.json	blake3-512:a79e06a46ede403975b16ede46c07129351600981f02a0a513917291bc813f6d6ab1e0d990c8abccad978d0251aa4a86ae9084abf13001ff131df4430490e34a	/private/tmp/pk-c-gen/menagerie/c11-language-signature/dev/../catalog/sorts/c11:Bottom.blake3-512:a79e06a46ede403975b16ede46c07129351600981f02a0a513917291bc813f6d6ab1e0d990c8abccad978d0251aa4a86ae9084abf13001ff131df4430490e34a.json
algorithm	op_skip.spec.json	blake3-512:f6d5647365eb408ec445a22218b0587f23c37a6a635fac4f398a48469fb7a190c7751bac9640b918b0f27f08038ad7dc38837cbd718115bb99644cc5a7fbb93a	/private/tmp/pk-c-gen/menagerie/c11-language-signature/dev/../catalog/algorithms/c11:skip.blake3-512:f6d5647365eb408ec445a22218b0587f23c37a6a635fac4f398a48469fb7a190c7751bac9640b918b0f27f08038ad7dc38837cbd718115bb99644cc5a7fbb93a.json
algorithm	op_seq.spec.json	blake3-512:f8390f57e0f4408252211849b4e62639c9779a19bcdfc207eb80e2f3225e2f3a1262434a0e56b0de765b35ad377ffee3b91e69750996104505dc9ed7c1398915	/private/tmp/pk-c-gen/menagerie/c11-language-signature/dev/../catalog/algorithms/c11:seq.blake3-512:f8390f57e0f4408252211849b4e62639c9779a19bcdfc207eb80e2f3225e2f3a1262434a0e56b0de765b35ad377ffee3b91e69750996104505dc9ed7c1398915.json
algorithm	op_if.spec.json	blake3-512:402feb91b68096553e0c7f000cdb47c50a2d16094571a426639d6be487b934b9f1664bd4b8aa5f8cc2acf5d47f44cee31882c6dc8799e71aa29381fd91309b65	/private/tmp/pk-c-gen/menagerie/c11-language-signature/dev/../catalog/algorithms/c11:if.blake3-512:402feb91b68096553e0c7f000cdb47c50a2d16094571a426639d6be487b934b9f1664bd4b8aa5f8cc2acf5d47f44cee31882c6dc8799e71aa29381fd91309b65.json
algorithm	op_while.spec.json	blake3-512:d2ad96e177a16cd03ad4c924c9e789b90382bb163cc4cdf19cd6c4e16a656c55ab9dbb654d4257b521cc61be6a7e980505214668bf70e57a7dd1c969767c0aff	/private/tmp/pk-c-gen/menagerie/c11-language-signature/dev/../catalog/algorithms/c11:while.blake3-512:d2ad96e177a16cd03ad4c924c9e789b90382bb163cc4cdf19cd6c4e16a656c55ab9dbb654d4257b521cc61be6a7e980505214668bf70e57a7dd1c969767c0aff.json
algorithm	op_for.spec.json	blake3-512:1befb2ce1afd30e48439a6e3e0cda8cbc1a965c0c55a4d0b1dde409ea2aa12d8e970f0a5b05c53d71ecb36a443730392adb2c70fba5045945b4c267dddb6a2d3	/private/tmp/pk-c-gen/menagerie/c11-language-signature/dev/../catalog/algorithms/c11:for.blake3-512:1befb2ce1afd30e48439a6e3e0cda8cbc1a965c0c55a4d0b1dde409ea2aa12d8e970f0a5b05c53d71ecb36a443730392adb2c70fba5045945b4c267dddb6a2d3.json
algorithm	op_switch.spec.json	blake3-512:600483b325098b9f47363fb1257b5a99ef4d1117dad06c05e09fa0626ad59747539c9ec2f17e6da859c1f8931a6a9d0b5e60a198dd6b69742d6f01f99897dd6c	/private/tmp/pk-c-gen/menagerie/c11-language-signature/dev/../catalog/algorithms/c11:switch.blake3-512:600483b325098b9f47363fb1257b5a99ef4d1117dad06c05e09fa0626ad59747539c9ec2f17e6da859c1f8931a6a9d0b5e60a198dd6b69742d6f01f99897dd6c.json
algorithm	op_call.spec.json	blake3-512:60d53cea89198925ed2b932d076bc348f980854458567d233399444bd462018a591ea42d05a6b4a240c3d9a96fe3f6a748f2428fae0c5dde2d47c34ee1f4daee	/private/tmp/pk-c-gen/menagerie/c11-language-signature/dev/../catalog/algorithms/c11:call.blake3-512:60d53cea89198925ed2b932d076bc348f980854458567d233399444bd462018a591ea42d05a6b4a240c3d9a96fe3f6a748f2428fae0c5dde2d47c34ee1f4daee.json
algorithm	op_return.spec.json	blake3-512:5f1b6815fc786463b21234a14b2216a5156ebd5e385eadb1c749c0fa62e28e09f38adc37de9da36502200a4ee8e364e08b23f8767267e04dfb700c3061bb0428	/private/tmp/pk-c-gen/menagerie/c11-language-signature/dev/../catalog/algorithms/c11:return.blake3-512:5f1b6815fc786463b21234a14b2216a5156ebd5e385eadb1c749c0fa62e28e09f38adc37de9da36502200a4ee8e364e08b23f8767267e04dfb700c3061bb0428.json
algorithm	op_break.spec.json	blake3-512:3a43532860e5dbd125a89564b51af5a754dbabefbd5cdfb1b01e2c4ff2cab1752d188e59cb9b57d9a2049bc871923808e2115caf70e018d3f9cdeffcfa7cd778	/private/tmp/pk-c-gen/menagerie/c11-language-signature/dev/../catalog/algorithms/c11:break.blake3-512:3a43532860e5dbd125a89564b51af5a754dbabefbd5cdfb1b01e2c4ff2cab1752d188e59cb9b57d9a2049bc871923808e2115caf70e018d3f9cdeffcfa7cd778.json
algorithm	op_continue.spec.json	blake3-512:26b6cba9563e7f756d7e65d81eee266613ff63c0b30144445fec7d4db117a323afc1ccdea8e4268f7a46e88986aa5b9b1d73300d9f69ae32df8390ec076b7e46	/private/tmp/pk-c-gen/menagerie/c11-language-signature/dev/../catalog/algorithms/c11:continue.blake3-512:26b6cba9563e7f756d7e65d81eee266613ff63c0b30144445fec7d4db117a323afc1ccdea8e4268f7a46e88986aa5b9b1d73300d9f69ae32df8390ec076b7e46.json
algorithm	op_deref.spec.json	blake3-512:9eb190c5974e70675bd969eb2b7ab1245ac9b3ce4c2272cfdc64f539813a893aaaf586a55b1600c33e80ffb4b79726bbe57f8aee186044656e8b92887a2850a7	/private/tmp/pk-c-gen/menagerie/c11-language-signature/dev/../catalog/algorithms/c11:deref.blake3-512:9eb190c5974e70675bd969eb2b7ab1245ac9b3ce4c2272cfdc64f539813a893aaaf586a55b1600c33e80ffb4b79726bbe57f8aee186044656e8b92887a2850a7.json
algorithm	op_member.spec.json	blake3-512:9f52681b25fa589ad6fc38d26981756d4c44330f687c79b04b7f39f049816d625a57551b303aee1567c6451b153bb9dc0f383671545a934087f195b2d5033a5e	/private/tmp/pk-c-gen/menagerie/c11-language-signature/dev/../catalog/algorithms/c11:member.blake3-512:9f52681b25fa589ad6fc38d26981756d4c44330f687c79b04b7f39f049816d625a57551b303aee1567c6451b153bb9dc0f383671545a934087f195b2d5033a5e.json
algorithm	op_add.spec.json	blake3-512:e9ac31bccee2eda6a417385fa1e7c702622566930d18b17283acedee2c25122cf0155e5a8743a9afc3296cc25376900e1e46824332bcbeb6ba8f11d3ab500805	/private/tmp/pk-c-gen/menagerie/c11-language-signature/dev/../catalog/algorithms/c11:add.blake3-512:e9ac31bccee2eda6a417385fa1e7c702622566930d18b17283acedee2c25122cf0155e5a8743a9afc3296cc25376900e1e46824332bcbeb6ba8f11d3ab500805.json
algorithm	op_sub.spec.json	blake3-512:3948e3fe1b84d2f18fb3d3430d0995ac05e41c0e9bb850f337a8141bf296fd3e4dd7d618bafe5e8b2995f45bcedf4652f07b3b32632c5eb05b7657e1644217b8	/private/tmp/pk-c-gen/menagerie/c11-language-signature/dev/../catalog/algorithms/c11:sub.blake3-512:3948e3fe1b84d2f18fb3d3430d0995ac05e41c0e9bb850f337a8141bf296fd3e4dd7d618bafe5e8b2995f45bcedf4652f07b3b32632c5eb05b7657e1644217b8.json
algorithm	op_mul.spec.json	blake3-512:9e56b26a160ec1c977fe593c12da21edcf57cc86e5bd2018e0fc0215e9b12f14ec6f1a0b584c8863a33513ce01d0513627054c05f700d6f44f28ae96497be32e	/private/tmp/pk-c-gen/menagerie/c11-language-signature/dev/../catalog/algorithms/c11:mul.blake3-512:9e56b26a160ec1c977fe593c12da21edcf57cc86e5bd2018e0fc0215e9b12f14ec6f1a0b584c8863a33513ce01d0513627054c05f700d6f44f28ae96497be32e.json
algorithm	op_eq.spec.json	blake3-512:be234846ff5993e9492eedb48c537f9750a5992e882e90b640728b52ad91b3d94c9b67e9f6b3f140711feb149e273a089eed6fb8eb337ab2dea6b2b11b0cfa7b	/private/tmp/pk-c-gen/menagerie/c11-language-signature/dev/../catalog/algorithms/c11:eq.blake3-512:be234846ff5993e9492eedb48c537f9750a5992e882e90b640728b52ad91b3d94c9b67e9f6b3f140711feb149e273a089eed6fb8eb337ab2dea6b2b11b0cfa7b.json
algorithm	op_lt.spec.json	blake3-512:ec6098a797df50b97060e9392f55fbd0df7c437e70e3c72b32922d72a785701a900891cc88eb0d24e8ad21ec130ce7bdc21aa89a1b1623996012effe80461420	/private/tmp/pk-c-gen/menagerie/c11-language-signature/dev/../catalog/algorithms/c11:lt.blake3-512:ec6098a797df50b97060e9392f55fbd0df7c437e70e3c72b32922d72a785701a900891cc88eb0d24e8ad21ec130ce7bdc21aa89a1b1623996012effe80461420.json
algorithm	op_le.spec.json	blake3-512:c79c47a0c0dacd987390f54895c4c07afe3eb4f2271214fb486902333d141fe5cd3530493762af13ba0393de75ce7a8422e73bb4e41eb43cfd8f9b921afc30b4	/private/tmp/pk-c-gen/menagerie/c11-language-signature/dev/../catalog/algorithms/c11:le.blake3-512:c79c47a0c0dacd987390f54895c4c07afe3eb4f2271214fb486902333d141fe5cd3530493762af13ba0393de75ce7a8422e73bb4e41eb43cfd8f9b921afc30b4.json
algorithm	op_and.spec.json	blake3-512:52e14c5d4279dd96569cc053530fee38e3188a939e9567931e397653e98ae0c1bdaa2e5aacc1792af44fa7c9fc11c92ef6eae19d6ea183fa82e4a6072eab8812	/private/tmp/pk-c-gen/menagerie/c11-language-signature/dev/../catalog/algorithms/c11:and.blake3-512:52e14c5d4279dd96569cc053530fee38e3188a939e9567931e397653e98ae0c1bdaa2e5aacc1792af44fa7c9fc11c92ef6eae19d6ea183fa82e4a6072eab8812.json
algorithm	op_or.spec.json	blake3-512:7d14955205e010a7cd9a7844406e54f8cb1ce81afad75279e0c5e9a7192cb1b82821a4aae6c1449ec588aa29eb0ed19ddf577599363146b492e9f48d72fdcf35	/private/tmp/pk-c-gen/menagerie/c11-language-signature/dev/../catalog/algorithms/c11:or.blake3-512:7d14955205e010a7cd9a7844406e54f8cb1ce81afad75279e0c5e9a7192cb1b82821a4aae6c1449ec588aa29eb0ed19ddf577599363146b492e9f48d72fdcf35.json
algorithm	op_not.spec.json	blake3-512:13f0e635b60fe52d0c853adfb13c38431e0e0da1787236759736ffe420948a2cee01ebf0d275cdbe6d9cf8edc3aefb88556b1257d0e3dcd962c1f971372a2830	/private/tmp/pk-c-gen/menagerie/c11-language-signature/dev/../catalog/algorithms/c11:not.blake3-512:13f0e635b60fe52d0c853adfb13c38431e0e0da1787236759736ffe420948a2cee01ebf0d275cdbe6d9cf8edc3aefb88556b1257d0e3dcd962c1f971372a2830.json
algorithm	op_assign.spec.json	blake3-512:ac74b58892500ca88ba86dcd2a60015c742dc604b9b12d688a66b0a7d068e791471ee38126837954589b83c5f270171be32554d83494f33d7d057c2089f8e556	/private/tmp/pk-c-gen/menagerie/c11-language-signature/dev/../catalog/algorithms/c11:assign.blake3-512:ac74b58892500ca88ba86dcd2a60015c742dc604b9b12d688a66b0a7d068e791471ee38126837954589b83c5f270171be32554d83494f33d7d057c2089f8e556.json
algorithm	op_neg.spec.json	blake3-512:9c272325e9a7d7e9d8c5f7b575f36b9024ffd45f8c4863343be39aa6c6573548898b3c6ffb8566b1d44f51bead519871af6acb3fa5ad0f1dd46b7aa04ac30961	/private/tmp/pk-c-gen/menagerie/c11-language-signature/dev/../catalog/algorithms/c11:neg.blake3-512:9c272325e9a7d7e9d8c5f7b575f36b9024ffd45f8c4863343be39aa6c6573548898b3c6ffb8566b1d44f51bead519871af6acb3fa5ad0f1dd46b7aa04ac30961.json
algorithm	op_opaque.spec.json	blake3-512:74bb779296c91b9dc92c37f660b0ed6fe0da7f90f83090431ed378209df365389a010b36ef0080106e10cba9f94a5a9daf03f5674b5d668e1df13f17f6222ed4	/private/tmp/pk-c-gen/menagerie/c11-language-signature/dev/../catalog/algorithms/c11:opaque.blake3-512:74bb779296c91b9dc92c37f660b0ed6fe0da7f90f83090431ed378209df365389a010b36ef0080106e10cba9f94a5a9daf03f5674b5d668e1df13f17f6222ed4.json
algorithm	op_decl.spec.json	blake3-512:5abfe8bff471d3f83c4432535ebc8756f0b644e470c4e637d538dc0a6d2f33cc8b456c3f2c1257d30d3ffd054408970b3e10befd6aff0d4963e1c95e13744c99	/private/tmp/pk-c-gen/menagerie/c11-language-signature/dev/../catalog/algorithms/c11:decl.blake3-512:5abfe8bff471d3f83c4432535ebc8756f0b644e470c4e637d538dc0a6d2f33cc8b456c3f2c1257d30d3ffd054408970b3e10befd6aff0d4963e1c95e13744c99.json
algorithm	op_case.spec.json	blake3-512:76e0dcf8c0f591cfa0eaac0addf37c3785230a8c134531c96250eba9de3c133abca61f044c58cbb7e11b24744928491a1e95642b7a4b5b541d79505e3e16a986	/private/tmp/pk-c-gen/menagerie/c11-language-signature/dev/../catalog/algorithms/c11:case.blake3-512:76e0dcf8c0f591cfa0eaac0addf37c3785230a8c134531c96250eba9de3c133abca61f044c58cbb7e11b24744928491a1e95642b7a4b5b541d79505e3e16a986.json
algorithm	op_default.spec.json	blake3-512:319e2bbd1cf2cf85dcd08ecde664972a83befc990375d47ae622a24a927cb79e4da7934d45cfb40402a0fcd9a4f48ca262c87fe68fedff5153c451d8b156adc4	/private/tmp/pk-c-gen/menagerie/c11-language-signature/dev/../catalog/algorithms/c11:default.blake3-512:319e2bbd1cf2cf85dcd08ecde664972a83befc990375d47ae622a24a927cb79e4da7934d45cfb40402a0fcd9a4f48ca262c87fe68fedff5153c451d8b156adc4.json
algorithm	op_label.spec.json	blake3-512:267398f175a32e44f33f3fcec4a81689c80affe8d88831e59ff17286fea38d2b7c8b32aeb18ebd98b133f8298959152ebb85f5f5830bad9c03f36320c89b8062	/private/tmp/pk-c-gen/menagerie/c11-language-signature/dev/../catalog/algorithms/c11:label.blake3-512:267398f175a32e44f33f3fcec4a81689c80affe8d88831e59ff17286fea38d2b7c8b32aeb18ebd98b133f8298959152ebb85f5f5830bad9c03f36320c89b8062.json
algorithm	op_goto.spec.json	blake3-512:64c8cf86af35a25e1a388e710b53e007bfe2fca0615229cefd55d2ddf782f0819ff00c10d18e66e734ff43c0399b4dc35f4f28f76ee4d839f078b5f281999d63	/private/tmp/pk-c-gen/menagerie/c11-language-signature/dev/../catalog/algorithms/c11:goto.blake3-512:64c8cf86af35a25e1a388e710b53e007bfe2fca0615229cefd55d2ddf782f0819ff00c10d18e66e734ff43c0399b4dc35f4f28f76ee4d839f078b5f281999d63.json
algorithm	op_do.spec.json	blake3-512:eb17887f16d6264f8dcefd302bc94320b54978412407128c88ebba4c125e5eb1e6ba16b8aa57f4919ad1fbfab2595fd363e7be77ef8d82b23061bc9d1a02ff21	/private/tmp/pk-c-gen/menagerie/c11-language-signature/dev/../catalog/algorithms/c11:do.blake3-512:eb17887f16d6264f8dcefd302bc94320b54978412407128c88ebba4c125e5eb1e6ba16b8aa57f4919ad1fbfab2595fd363e7be77ef8d82b23061bc9d1a02ff21.json
algorithm	op_cast.spec.json	blake3-512:96e075c18c0be03322ec199e1b2501c98d355210f5920ab8c6e867771ed9ce28245481426728181f0f1504c56c94fcfebfbeb0b59e7e7fd37dc1375f2f55a98a	/private/tmp/pk-c-gen/menagerie/c11-language-signature/dev/../catalog/algorithms/c11:cast.blake3-512:96e075c18c0be03322ec199e1b2501c98d355210f5920ab8c6e867771ed9ce28245481426728181f0f1504c56c94fcfebfbeb0b59e7e7fd37dc1375f2f55a98a.json
algorithm	op_array_subscript.spec.json	blake3-512:7f024dbda459084cfb33c2563c1c5de4757e4abb9721a2ebf4073a33eacaf85b148a3c415f52d9ce6b5a94ae37ec6e609a7217eca124f738abfe9d701b059092	/private/tmp/pk-c-gen/menagerie/c11-language-signature/dev/../catalog/algorithms/c11:array-subscript.blake3-512:7f024dbda459084cfb33c2563c1c5de4757e4abb9721a2ebf4073a33eacaf85b148a3c415f52d9ce6b5a94ae37ec6e609a7217eca124f738abfe9d701b059092.json
algorithm	op_conditional.spec.json	blake3-512:641b32b866cbbc19796036614ca4e4600ca00cf6ecfd0c461da59e37aa3d798e5c20794fe85a9907379a29143a5ed314172425b28f8cd3b89e44d5184759d566	/private/tmp/pk-c-gen/menagerie/c11-language-signature/dev/../catalog/algorithms/c11:conditional.blake3-512:641b32b866cbbc19796036614ca4e4600ca00cf6ecfd0c461da59e37aa3d798e5c20794fe85a9907379a29143a5ed314172425b28f8cd3b89e44d5184759d566.json
algorithm	op_compound_literal.spec.json	blake3-512:312a5249609aab8bcc22dc2d1371206ff9b5480aa6bd572200c13c2ad4952e304a220b634d047fa62fd1f2d65bf1923f1927e88a687f3ce8031470d32fb9a35d	/private/tmp/pk-c-gen/menagerie/c11-language-signature/dev/../catalog/algorithms/c11:compound-literal.blake3-512:312a5249609aab8bcc22dc2d1371206ff9b5480aa6bd572200c13c2ad4952e304a220b634d047fa62fd1f2d65bf1923f1927e88a687f3ce8031470d32fb9a35d.json
algorithm	op_init_list.spec.json	blake3-512:6133aad08ba77ca07cc767e6b8c79933366c8e6035e27031ebe6e47300c09a43242e4ede6b2aa91546669a14b21fef06443678fbcbcddea46d63c55360661527	/private/tmp/pk-c-gen/menagerie/c11-language-signature/dev/../catalog/algorithms/c11:init-list.blake3-512:6133aad08ba77ca07cc767e6b8c79933366c8e6035e27031ebe6e47300c09a43242e4ede6b2aa91546669a14b21fef06443678fbcbcddea46d63c55360661527.json
algorithm	op_string_literal.spec.json	blake3-512:c046b297480acfc4666a840ea8bdc75d10611a029f782e4f45b84590e184fdc0ee0b0e4bdb744c05d4fb8100ce99dea1f6f940be8ec25801548f677d8043f34e	/private/tmp/pk-c-gen/menagerie/c11-language-signature/dev/../catalog/algorithms/c11:string-literal.blake3-512:c046b297480acfc4666a840ea8bdc75d10611a029f782e4f45b84590e184fdc0ee0b0e4bdb744c05d4fb8100ce99dea1f6f940be8ec25801548f677d8043f34e.json
algorithm	op_char_literal.spec.json	blake3-512:73bc286f5ab6565014093e2b6249a1fca830ef62b04eb61246e806e7a57af59ede99005b88227ccd90f7d515d07ff39134c948c06362d0170a2dea4c612fe419	/private/tmp/pk-c-gen/menagerie/c11-language-signature/dev/../catalog/algorithms/c11:char-literal.blake3-512:73bc286f5ab6565014093e2b6249a1fca830ef62b04eb61246e806e7a57af59ede99005b88227ccd90f7d515d07ff39134c948c06362d0170a2dea4c612fe419.json
algorithm	op_float_literal.spec.json	blake3-512:c624627cb15481230ad1e475d7330dc3c4261e5ac757e1f5d54ccdaccc3cb25e01cbb8696bffdc67e721f4f5679e8e09ae54b21dddcddaf37247ddb334250ce4	/private/tmp/pk-c-gen/menagerie/c11-language-signature/dev/../catalog/algorithms/c11:float-literal.blake3-512:c624627cb15481230ad1e475d7330dc3c4261e5ac757e1f5d54ccdaccc3cb25e01cbb8696bffdc67e721f4f5679e8e09ae54b21dddcddaf37247ddb334250ce4.json
algorithm	op_imaginary_literal.spec.json	blake3-512:f49dec04735ac1c96e75e9a2044c189f2ac742f319e10237e9b3f1247d89ffab046f07072556e4dd3f075ba4eac4a672510428a850469429dbd0f2b3e045b107	/private/tmp/pk-c-gen/menagerie/c11-language-signature/dev/../catalog/algorithms/c11:imaginary-literal.blake3-512:f49dec04735ac1c96e75e9a2044c189f2ac742f319e10237e9b3f1247d89ffab046f07072556e4dd3f075ba4eac4a672510428a850469429dbd0f2b3e045b107.json
algorithm	op_null.spec.json	blake3-512:ca8576ee4e65552a2f82d55a82909100151c1bbb12d5c00d08119a68d1fb6ff730aad94f140fc9b2312a29c0b9dc2c51d01ef13d9e7c392c8ff7708805b19c3b	/private/tmp/pk-c-gen/menagerie/c11-language-signature/dev/../catalog/algorithms/c11:null.blake3-512:ca8576ee4e65552a2f82d55a82909100151c1bbb12d5c00d08119a68d1fb6ff730aad94f140fc9b2312a29c0b9dc2c51d01ef13d9e7c392c8ff7708805b19c3b.json
algorithm	op_generic_selection.spec.json	blake3-512:88a06ccdbef31969de90f5cb4c58317aaf9b897f121861168a9654501300bbf7881435f379e8e66317f76a3f2bf4d76c15e04945b0f6d3ce7908c97ca92ad3c5	/private/tmp/pk-c-gen/menagerie/c11-language-signature/dev/../catalog/algorithms/c11:generic-selection.blake3-512:88a06ccdbef31969de90f5cb4c58317aaf9b897f121861168a9654501300bbf7881435f379e8e66317f76a3f2bf4d76c15e04945b0f6d3ce7908c97ca92ad3c5.json
algorithm	op_stmt_expr.spec.json	blake3-512:886f39c45ff932473099380820bd08a69ce197cc87ac94158e57b69ea41ee7da3955f916ff9321529406eda24d4e3fb15b972e433dc4be1783df5425bbc362a2	/private/tmp/pk-c-gen/menagerie/c11-language-signature/dev/../catalog/algorithms/c11:stmt-expr.blake3-512:886f39c45ff932473099380820bd08a69ce197cc87ac94158e57b69ea41ee7da3955f916ff9321529406eda24d4e3fb15b972e433dc4be1783df5425bbc362a2.json
algorithm	op_addr_label.spec.json	blake3-512:c8a0a1404292e5dd6b50e7dd5cc096f96e5d97c7c0e8172eb86bf35d981d35b8ad06486d7f682e58e44db377eda89d2870d5c064b4580e87e13d682bec3cd0fa	/private/tmp/pk-c-gen/menagerie/c11-language-signature/dev/../catalog/algorithms/c11:addr-label.blake3-512:c8a0a1404292e5dd6b50e7dd5cc096f96e5d97c7c0e8172eb86bf35d981d35b8ad06486d7f682e58e44db377eda89d2870d5c064b4580e87e13d682bec3cd0fa.json
algorithm	op_unexposed_stmt.spec.json	blake3-512:8556d80b81d477ba120a22f5ccc19d4e86fd315225014d13f7ab9e1bb5073605d797dafed8737ff6defce7a476a3e6200b496437fb63f47f6f2fe718ad6905f1	/private/tmp/pk-c-gen/menagerie/c11-language-signature/dev/../catalog/algorithms/c11:unexposed-stmt.blake3-512:8556d80b81d477ba120a22f5ccc19d4e86fd315225014d13f7ab9e1bb5073605d797dafed8737ff6defce7a476a3e6200b496437fb63f47f6f2fe718ad6905f1.json
algorithm	op_unexposed_expr.spec.json	blake3-512:00ebaaa10a5ad6e78779d3e4cd2f9795127453c478f5ed1e62c3ba3a85fc03cbb628079d912fec1b2bf22eefb045c022c8168eab49e3eecf169fb2ee313f9980	/private/tmp/pk-c-gen/menagerie/c11-language-signature/dev/../catalog/algorithms/c11:unexposed-expr.blake3-512:00ebaaa10a5ad6e78779d3e4cd2f9795127453c478f5ed1e62c3ba3a85fc03cbb628079d912fec1b2bf22eefb045c022c8168eab49e3eecf169fb2ee313f9980.json
algorithm	op_binary_operator.spec.json	blake3-512:38bb352ecd5a3a553d26a625e2b33c5d2d88b72af5911bfb6a218df61a8f3f8cab91f08608a161ac192449548fdecbf47adf5bccd2d064b1eaf98b2b54a8fa93	/private/tmp/pk-c-gen/menagerie/c11-language-signature/dev/../catalog/algorithms/c11:binary-operator.blake3-512:38bb352ecd5a3a553d26a625e2b33c5d2d88b72af5911bfb6a218df61a8f3f8cab91f08608a161ac192449548fdecbf47adf5bccd2d064b1eaf98b2b54a8fa93.json
algorithm	op_unary_operator.spec.json	blake3-512:9a852e24983a9b2730da4273fd45859a566c4574b7dcd1083a20f08ce7ec6a8f8145d1053c6e1b0eb654a327e72caee6b071940c265c602a4e6c36e948f7ff62	/private/tmp/pk-c-gen/menagerie/c11-language-signature/dev/../catalog/algorithms/c11:unary-operator.blake3-512:9a852e24983a9b2730da4273fd45859a566c4574b7dcd1083a20f08ce7ec6a8f8145d1053c6e1b0eb654a327e72caee6b071940c265c602a4e6c36e948f7ff62.json
algorithm	eff_op_read.spec.json	blake3-512:7d927a93cf34e15ec37089e8b3ea98c350a4ef43e650dbcbe769926f4d341dddb1f6ba5e4d82f4d88f118a396578cf85b6ed4d3d5ae195df713a2a5d03ce5fdf	/private/tmp/pk-c-gen/menagerie/c11-language-signature/dev/../catalog/algorithms/c11:effect:read.blake3-512:7d927a93cf34e15ec37089e8b3ea98c350a4ef43e650dbcbe769926f4d341dddb1f6ba5e4d82f4d88f118a396578cf85b6ed4d3d5ae195df713a2a5d03ce5fdf.json
algorithm	eff_op_write.spec.json	blake3-512:f707744e283c0e5b22e3671c4375fbcc0d2fc34cbd833276150ad947b77d608ca405b22cc7072d7198351715f43a0419da30a91c747372eaec95567fe2033904	/private/tmp/pk-c-gen/menagerie/c11-language-signature/dev/../catalog/algorithms/c11:effect:write.blake3-512:f707744e283c0e5b22e3671c4375fbcc0d2fc34cbd833276150ad947b77d608ca405b22cc7072d7198351715f43a0419da30a91c747372eaec95567fe2033904.json
algorithm	eff_op_input.spec.json	blake3-512:bd5f0c10ae81753308e8f1438f11318b701003dc5796eec60245786db8655adc3360f241846b27d2f83e09be2f716acb12656ec8d41491782716ca9737b65852	/private/tmp/pk-c-gen/menagerie/c11-language-signature/dev/../catalog/algorithms/c11:effect:input.blake3-512:bd5f0c10ae81753308e8f1438f11318b701003dc5796eec60245786db8655adc3360f241846b27d2f83e09be2f716acb12656ec8d41491782716ca9737b65852.json
algorithm	eff_op_output.spec.json	blake3-512:3eb5aec7526f353d56896915a58716801c9e4fedec8929426830862753e575ad4c274f7a426aebe779469beec7cc1465b85b60aa44dcb2dd08d95bde3897e1ea	/private/tmp/pk-c-gen/menagerie/c11-language-signature/dev/../catalog/algorithms/c11:effect:output.blake3-512:3eb5aec7526f353d56896915a58716801c9e4fedec8929426830862753e575ad4c274f7a426aebe779469beec7cc1465b85b60aa44dcb2dd08d95bde3897e1ea.json
algorithm	eff_op_trap.spec.json	blake3-512:ae0f7603a712fddfe024c86a354ecd7819b4828061a37f2c0f937d0f6e685241126a53632e755edd5e9105ffac8d8540ae325d9bfadaf00e4d95a0426ef5c5c3	/private/tmp/pk-c-gen/menagerie/c11-language-signature/dev/../catalog/algorithms/c11:effect:trap.blake3-512:ae0f7603a712fddfe024c86a354ecd7819b4828061a37f2c0f937d0f6e685241126a53632e755edd5e9105ffac8d8540ae325d9bfadaf00e4d95a0426ef5c5c3.json
equation	eq_seq_assoc.spec.json	blake3-512:7d3707fae422444013cc45cb26b37659b904e6d0ce08d36594037c80451e4768b526ba69d078805d1008a9c4c8add547894883c070916520931fec1c4ec60288	/private/tmp/pk-c-gen/menagerie/c11-language-signature/dev/../catalog/equations/c11:seq-assoc.blake3-512:7d3707fae422444013cc45cb26b37659b904e6d0ce08d36594037c80451e4768b526ba69d078805d1008a9c4c8add547894883c070916520931fec1c4ec60288.json
equation	eq_seq_skip_left.spec.json	blake3-512:9cbe5907c07c6ffcc52854779475038018b69366a30601ab34bc7ce663bed7290553b1be28902bd46be89439cfb5414236543f4354609709ef301be0d2a89c3e	/private/tmp/pk-c-gen/menagerie/c11-language-signature/dev/../catalog/equations/c11:seq-skip-left.blake3-512:9cbe5907c07c6ffcc52854779475038018b69366a30601ab34bc7ce663bed7290553b1be28902bd46be89439cfb5414236543f4354609709ef301be0d2a89c3e.json
equation	eq_seq_skip_right.spec.json	blake3-512:b6e29196035af42a792b6e8724c3b80a0053627b54c419e50c8899fb5733e2f7d5c03a9e07c30b0dd17b020874141695eaba1bfe3ee902551e1d35843a8deebc	/private/tmp/pk-c-gen/menagerie/c11-language-signature/dev/../catalog/equations/c11:seq-skip-right.blake3-512:b6e29196035af42a792b6e8724c3b80a0053627b54c419e50c8899fb5733e2f7d5c03a9e07c30b0dd17b020874141695eaba1bfe3ee902551e1d35843a8deebc.json
equation	eq_if_true.spec.json	blake3-512:3d5dc17719326f135e5fe743bc884e501579bfae0082e5e1ae8b05b0094af906e824c0e4be77ebc724e9d80dd3b1e58186b99d073342dfd51e83d9f1e694146c	/private/tmp/pk-c-gen/menagerie/c11-language-signature/dev/../catalog/equations/c11:if-true.blake3-512:3d5dc17719326f135e5fe743bc884e501579bfae0082e5e1ae8b05b0094af906e824c0e4be77ebc724e9d80dd3b1e58186b99d073342dfd51e83d9f1e694146c.json
equation	eq_if_false.spec.json	blake3-512:937895bc67bfe0cf1f7780863cdd6d96dd60552298773772151ad77e643401d8021c5f331ab03f3259d4a334db3fff2e16c6e4306cee69fd809a3c55d0221731	/private/tmp/pk-c-gen/menagerie/c11-language-signature/dev/../catalog/equations/c11:if-false.blake3-512:937895bc67bfe0cf1f7780863cdd6d96dd60552298773772151ad77e643401d8021c5f331ab03f3259d4a334db3fff2e16c6e4306cee69fd809a3c55d0221731.json
equation	eq_if_idemp.spec.json	blake3-512:b5288a40863c28161f91a947cbe09c809798e66f4374fb9e7738c5c96fe639c3e8ee012875a5e924e10df156360481b1e14182e30ed9cb5949534f0567a71126	/private/tmp/pk-c-gen/menagerie/c11-language-signature/dev/../catalog/equations/c11:if-idemp.blake3-512:b5288a40863c28161f91a947cbe09c809798e66f4374fb9e7738c5c96fe639c3e8ee012875a5e924e10df156360481b1e14182e30ed9cb5949534f0567a71126.json
equation	eq_while_false.spec.json	blake3-512:5c51cd628eedccaf50d1d559dda206b0db2d3919cb54cd388c234c0e8c8c2cb7c50d1de5d21f4ea73ad5c4293db8ead382879e9d3d52a0b44762d1269f85fadf	/private/tmp/pk-c-gen/menagerie/c11-language-signature/dev/../catalog/equations/c11:while-false.blake3-512:5c51cd628eedccaf50d1d559dda206b0db2d3919cb54cd388c234c0e8c8c2cb7c50d1de5d21f4ea73ad5c4293db8ead382879e9d3d52a0b44762d1269f85fadf.json
equation	eq_for_desugar.spec.json	blake3-512:fabe243881c5cd5da7878e42a7cc136100dbb2edbd62b3482d7c10e0dbf427de96ebd7a7a910c1d6912cb509b6628f3c41b3ad7c422d8ed219b41f1fcb3df4ce	/private/tmp/pk-c-gen/menagerie/c11-language-signature/dev/../catalog/equations/c11:for-desugar.blake3-512:fabe243881c5cd5da7878e42a7cc136100dbb2edbd62b3482d7c10e0dbf427de96ebd7a7a910c1d6912cb509b6628f3c41b3ad7c422d8ed219b41f1fcb3df4ce.json
equation	eq_and_false.spec.json	blake3-512:425aaf798cab95e5126d98930bf191db34f873f0eabfedace87b3c421e81c33f3d1d2aa8d0f46c50be5c6ecd4f80653322601e0659595e5af244b27646f316c7	/private/tmp/pk-c-gen/menagerie/c11-language-signature/dev/../catalog/equations/c11:and-false.blake3-512:425aaf798cab95e5126d98930bf191db34f873f0eabfedace87b3c421e81c33f3d1d2aa8d0f46c50be5c6ecd4f80653322601e0659595e5af244b27646f316c7.json
equation	eq_and_true.spec.json	blake3-512:a722bb1daba6a18a1534685832836a8ef68ba7f64c6ee7263b86d9611181f07793a70b0b05c576c88dc7733661a8cf6341fd281bd153e597d96b9d80b5dbfa80	/private/tmp/pk-c-gen/menagerie/c11-language-signature/dev/../catalog/equations/c11:and-true.blake3-512:a722bb1daba6a18a1534685832836a8ef68ba7f64c6ee7263b86d9611181f07793a70b0b05c576c88dc7733661a8cf6341fd281bd153e597d96b9d80b5dbfa80.json
equation	eq_or_true.spec.json	blake3-512:881d694f0bba8db9e47a51a45ac1e9d063b505ae383087550cfc741de6422190e7f5843379f63f74051271b34eec8327647166b42b911557fe3874467a353ea1	/private/tmp/pk-c-gen/menagerie/c11-language-signature/dev/../catalog/equations/c11:or-true.blake3-512:881d694f0bba8db9e47a51a45ac1e9d063b505ae383087550cfc741de6422190e7f5843379f63f74051271b34eec8327647166b42b911557fe3874467a353ea1.json
equation	eq_or_false.spec.json	blake3-512:c4053d3f072580f3a21e33724b4b2ee5dc108c8e74dc8f12083bd2b8e6c2c5b68947cb8f9e62a41af8332ca99f28c7c229eebfdeb6332ce4f2495e356ca807de	/private/tmp/pk-c-gen/menagerie/c11-language-signature/dev/../catalog/equations/c11:or-false.blake3-512:c4053d3f072580f3a21e33724b4b2ee5dc108c8e74dc8f12083bd2b8e6c2c5b68947cb8f9e62a41af8332ca99f28c7c229eebfdeb6332ce4f2495e356ca807de.json
equation	eq_not_not.spec.json	blake3-512:7b2b8da8d455654fc20fe45f2e5809f8dcaf4e53972e88be243e8ae485a91fbe670696c3b484d24835589aca5d772f7dd46e634b59d0cee724ef002d60bff421	/private/tmp/pk-c-gen/menagerie/c11-language-signature/dev/../catalog/equations/c11:not-not.blake3-512:7b2b8da8d455654fc20fe45f2e5809f8dcaf4e53972e88be243e8ae485a91fbe670696c3b484d24835589aca5d772f7dd46e634b59d0cee724ef002d60bff421.json
equation	eff_eq_read_after_write.spec.json	blake3-512:0563aa4b6ebda37c247599b359867ce90cc5e5f9ff26e38e9fad2c4c3889d5ad260bdbb7170f2be395c0bcf1042ca1444480059d95ec967f76d8a070df06d2bb	/private/tmp/pk-c-gen/menagerie/c11-language-signature/dev/../catalog/equations/c11:effect:read-after-write.blake3-512:0563aa4b6ebda37c247599b359867ce90cc5e5f9ff26e38e9fad2c4c3889d5ad260bdbb7170f2be395c0bcf1042ca1444480059d95ec967f76d8a070df06d2bb.json
effect-signature	effsig_memread.spec.json	blake3-512:2f0b219717515decfd82ba35a586fdac95584a4403deb682a8128fffa0d219ecdd67f8860a8342665e3e92cb178dfc2e0759ac82b16775cc787a528138021055	/private/tmp/pk-c-gen/menagerie/c11-language-signature/dev/../catalog/signatures/c11:effect-signature:MemRead.blake3-512:2f0b219717515decfd82ba35a586fdac95584a4403deb682a8128fffa0d219ecdd67f8860a8342665e3e92cb178dfc2e0759ac82b16775cc787a528138021055.json
effect-signature	effsig_memwrite.spec.json	blake3-512:3f74b8d324e28234be0e1cc1595ca04ebc4b5442b0b572f64585533d64c9ed8f48902a917272441c57bf0e799f856b5ead1933f1b068fb8ceee7708a384dd02f	/private/tmp/pk-c-gen/menagerie/c11-language-signature/dev/../catalog/signatures/c11:effect-signature:MemWrite.blake3-512:3f74b8d324e28234be0e1cc1595ca04ebc4b5442b0b572f64585533d64c9ed8f48902a917272441c57bf0e799f856b5ead1933f1b068fb8ceee7708a384dd02f.json
effect-signature	effsig_io.spec.json	blake3-512:4c57cc6ab0a48e8f99b0041964d60d977648f9e64054ec54a3e9855529b0ccb557451388e3e73b69f3bde8df1ed37daf13391fdd011bd05ff79d57fdb11b0eb6	/private/tmp/pk-c-gen/menagerie/c11-language-signature/dev/../catalog/signatures/c11:effect-signature:IO.blake3-512:4c57cc6ab0a48e8f99b0041964d60d977648f9e64054ec54a3e9855529b0ccb557451388e3e73b69f3bde8df1ed37daf13391fdd011bd05ff79d57fdb11b0eb6.json
effect-signature	effsig_trap.spec.json	blake3-512:174ebb472cb3b678b16a248d9085b42bcadc90825376cd46d151603c46b09b47c1c222d86eedc980184077c010fa866614a619851485089d5c1dc23eb690d94b	/private/tmp/pk-c-gen/menagerie/c11-language-signature/dev/../catalog/signatures/c11:effect-signature:Trap.blake3-512:174ebb472cb3b678b16a248d9085b42bcadc90825376cd46d151603c46b09b47c1c222d86eedc980184077c010fa866614a619851485089d5c1dc23eb690d94b.json
language-signature	language_signature_c11.spec.json	blake3-512:fdfb3b7d6b5f034be120b2bb566931c0cfc7de4375cde62c37116475deaeba849549a277b3c36e2d42b9080845103604c18f0986f64f326d2cdcb73d60ceb558	/private/tmp/pk-c-gen/menagerie/c11-language-signature/dev/../catalog/signatures/c:c11.blake3-512:fdfb3b7d6b5f034be120b2bb566931c0cfc7de4375cde62c37116475deaeba849549a277b3c36e2d42b9080845103604c18f0986f64f326d2cdcb73d60ceb558.json
